"Timestamp","Czy masz ukończone 18 lat?","1. Obecna sytuacja bezpieczeństwa w regionie zwiększa ryzyko zagrożenia militarnego dla Polski.","2. W najbliższych latach Polska powinna zwiększyć wydatki na obronność.","3. Nawet kosztem innych wydatków publicznych obronność powinna być jednym z priorytetów budżetu państwa.","Załóżmy, że państwo chce zwiększyć wydatki na obronność, ale bez podnoszenia łącznych wydatków budżetu.
Oznacza to, że większe wydatki na obronność musiałyby zostać sfinansowane przez mniejsze wydatki w innych obszarach.
Na ile akceptowalne jest dla Ciebie zmniejszenie wydatków w poniższych obszarach? [Kultura (w tym sport)]","Załóżmy, że państwo chce zwiększyć wydatki na obronność, ale bez podnoszenia łącznych wydatków budżetu.
Oznacza to, że większe wydatki na obronność musiałyby zostać sfinansowane przez mniejsze wydatki w innych obszarach.
Na ile akceptowalne jest dla Ciebie zmniejszenie wydatków w poniższych obszarach? [Administracja publiczna]","Załóżmy, że państwo chce zwiększyć wydatki na obronność, ale bez podnoszenia łącznych wydatków budżetu.
Oznacza to, że większe wydatki na obronność musiałyby zostać sfinansowane przez mniejsze wydatki w innych obszarach.
Na ile akceptowalne jest dla Ciebie zmniejszenie wydatków w poniższych obszarach? [Inwestycje publiczne]","Załóżmy, że państwo chce zwiększyć wydatki na obronność, ale bez podnoszenia łącznych wydatków budżetu.
Oznacza to, że większe wydatki na obronność musiałyby zostać sfinansowane przez mniejsze wydatki w innych obszarach.
Na ile akceptowalne jest dla Ciebie zmniejszenie wydatków w poniższych obszarach? [Transfery społeczne]","8. Przy decyzjach budżetowych ważne jest znalezienie kompromisu między bezpieczeństwem a innymi potrzebami społecznymi.","9. Podwyższenie podatków (czyli płacilibyśmy więcej podatków niż obecnie) w celu sfinansowania większych wydatków na obronność jest dla mnie akceptowalne.","10. Zaciągnięcie dodatkowego długu publicznego (pożyczenie pieniędzy przez państwo) w celu sfinansowania większych wydatków na obronność jest dla mnie akceptowalne.","11. Jeśli trzeba wybrać, wolę finansowanie zwiększonych wydatków na obronność przez…","12. Państwo powinno ograniczać wydatki, aby unikać zadłużania się.","13. To pytanie ma charakter techniczny i służy sprawdzeniu uważnego wypełniania ankiety. Aby kontynuować, zaznacz odpowiedź „Raczej się zgadzam”.","14. Wzrost cen w ostatnich latach był dla mnie dużym obciążeniem finansowym.","15. W jakim stopniu wzrost cen wynika z czynników zewnętrznych (np. ceny energii, sytuacja międzynarodowa)?","16. W jakim stopniu wzrost cen wynika z polityki cenowej firm (np. podwyżki cen, marże)? ","17. W jakim stopniu wypłacanie świadczeń i dodatków przyczynia się do wzrostu cen? ","18. Ograniczanie wydatków publicznych może pomóc w spowolnieniu inflacji.","19. Poparł(a)bym ograniczenie części transferów socjalnych, jeśli miałoby to spowolnić wzrost cen.","20. Gdy łączna korzyść finansowa jest podobna, wolę jednorazowy przelew od państwa niż stopniowe korzyści wynikające z niższych podatków.","21. Jednorazowe bony/przelewy są dla mnie bardziej zrozumiałe niż ogólne obniżki podatków.","22. Wolę wsparcie, które odczuwam od razu, niż takie, którego efekty pojawiają się stopniowo w dłuższym czasie.","23. Instytucje publiczne nie są wystarczająco przejrzyste w informowaniu o tym, na co wydawane są pieniądze z budżetu państwa.","24. Informacje o wydatkach publicznych są łatwo dostępne publicznie w internecie.","25. Gdybym chciał(a) sprawdzić, na co idą pieniądze z budżetu państwa, potrafił(a)bym znaleźć wiarygodne, oficjalne źródła.","26. Uważam, że mam podstawową wiedzę o tym, jak działa budżet państwa.","27. Gdybym znalazł(a) dane o wydatkach budżetu, potrafił(a)bym ocenić, czy źródło jest rzetelne. ","1. Płeć:","2. Wiek:","3. Wykształcenie:","4. Miejsce zamieszkania:","5. Status zawodowy (główna sytuacja):","6. W ostatnich 12 miesiącach: czy od Twoich dochodów z pracy/umów/działalności były pobierane zaliczki na podatek dochodowy (PIT)?","7. Czy możesz głosować w wyborach ogólnokrajowych w Polsce (np. do Sejmu lub na Prezydenta RP)?"
"2025/12/26 9:09:26 PM GMT+1","Tak","Raczej się zgadzam","Ani tak, ani nie","Raczej się zgadzam","4","2","2","3","Zdecydowanie się zgadzam","Raczej się nie zgadzam","Raczej się nie zgadzam","Raczej się zgadzam","Raczej się zgadzam","Raczej się zgadzam","Raczej się zgadzam","W umiarkowanym stopniu","W dużym stopniu","W małym stopniu","Ani tak, ani nie","Raczej się zgadzam","Raczej się zgadzam","Ani tak, ani nie","Raczej się zgadzam","Raczej się zgadzam","Raczej się zgadzam","Raczej się zgadzam","Ani tak, ani nie","Raczej się zgadzam","Kobieta","18–24","Średnie (liceum / technikum)","Miasto 500 000 i więcej mieszkańców (np. Warszawa)","Pracujący/a (etat, umowy, własna działalność)","Nie, ulga „PIT 0” (do 26 lat)","Tak"
"2025/12/27 11:35:01 AM GMT+1","Tak","Ani tak, ani nie","Raczej się zgadzam","Raczej się zgadzam","4","5","5","3","Raczej się zgadzam","Raczej się zgadzam","Raczej się zgadzam","Raczej wolę podwyżki podatków","Zdecydowanie się zgadzam","Raczej się zgadzam","Raczej się zgadzam","W dużym stopniu","W dużym stopniu","W umiarkowanym stopniu","Raczej się zgadzam","Ani tak, ani nie","Zdecydowanie się nie zgadzam","Zdecydowanie się nie zgadzam","Zdecydowanie się nie zgadzam","Raczej się nie zgadzam","Raczej się zgadzam","Raczej się zgadzam","Ani tak, ani nie","Raczej się nie zgadzam","Mężczyzna","18–24","Wyższe (licencjat / inżynier / magister)","Miasto 500 000 i więcej mieszkańców (np. Warszawa)","Uczeń / Student","Wolę nie odpowiadać","Tak"
"2025/12/27 11:43:23 AM GMT+1","Tak","Raczej się zgadzam","Raczej się zgadzam","Raczej się zgadzam","5","2","2","3","Zdecydowanie się zgadzam","Raczej się zgadzam","Raczej się nie zgadzam","Raczej wolę podwyżki podatków","Ani tak, ani nie","Raczej się zgadzam","Zdecydowanie się zgadzam","W bardzo dużym stopniu","W dużym stopniu","W małym stopniu","Zdecydowanie się nie zgadzam","Zdecydowanie się nie zgadzam","Ani tak, ani nie","Ani tak, ani nie","Raczej się nie zgadzam","Raczej się nie zgadzam","Raczej się zgadzam","Raczej się zgadzam","Ani tak, ani nie","Raczej się zgadzam","Mężczyzna","18–24","Średnie (liceum / technikum)","Miasto 500 000 i więcej mieszkańców (np. Warszawa)","Uczeń / Student","Nie, dochody nie podlegały zaliczkom (np. niektóre umowy/źródła)","Tak"
"2025/12/27 1:44:09 PM GMT+1","Tak","Raczej się zgadzam","Raczej się zgadzam","Raczej się nie zgadzam","5","3","3","2","Zdecydowanie się zgadzam","Raczej się nie zgadzam","Raczej się nie zgadzam","Zdecydowanie wolę dług publiczny","Raczej się zgadzam","Raczej się zgadzam","Ani tak, ani nie","W umiarkowanym stopniu","W małym stopniu","W małym stopniu","Ani tak, ani nie","Zdecydowanie się zgadzam","Raczej się nie zgadzam","Zdecydowanie się nie zgadzam","Ani tak, ani nie","Raczej się zgadzam","Ani tak, ani nie","Raczej się nie zgadzam","Raczej się zgadzam","Raczej się zgadzam","Mężczyzna","18–24","","Miasto 500 000 i więcej mieszkańców (np. Warszawa)","Uczeń / Student","Wolę nie odpowiadać","Nie"
"2025/12/27 2:01:26 PM GMT+1","Tak","Raczej się zgadzam","Raczej się nie zgadzam","Raczej się nie zgadzam","2","2","1","3","Zdecydowanie się zgadzam","Raczej się nie zgadzam","Zdecydowanie się nie zgadzam","Raczej wolę podwyżki podatków","Raczej się zgadzam","Raczej się zgadzam","Ani tak, ani nie","W umiarkowanym stopniu","W małym stopniu","W umiarkowanym stopniu","Zdecydowanie się zgadzam","Raczej się zgadzam","Raczej się nie zgadzam","Zdecydowanie się nie zgadzam","Raczej się nie zgadzam","Raczej się nie zgadzam","Raczej się zgadzam","Zdecydowanie się zgadzam","Raczej się zgadzam","Zdecydowanie się zgadzam","Mężczyzna","18–24","Średnie (liceum / technikum)","Miasto 500 000 i więcej mieszkańców (np. Warszawa)","Uczeń / Student","Nie, ulga „PIT 0” (do 26 lat)","Tak"
"2025/12/27 2:11:44 PM GMT+1","Tak","Raczej się zgadzam","Zdecydowanie się zgadzam","Zdecydowanie się zgadzam","5","3","4","3","Raczej się zgadzam","Ani tak, ani nie","Raczej się nie zgadzam","Raczej wolę podwyżki podatków","Ani tak, ani nie","Raczej się zgadzam","Zdecydowanie się nie zgadzam","W dużym stopniu","W umiarkowanym stopniu","W umiarkowanym stopniu","Raczej się nie zgadzam","Zdecydowanie się zgadzam","Raczej się nie zgadzam","Raczej się nie zgadzam","Raczej się nie zgadzam","Zdecydowanie się zgadzam","Raczej się nie zgadzam","Zdecydowanie się nie zgadzam","Raczej się zgadzam","Ani tak, ani nie","Mężczyzna","18–24","Średnie (liceum / technikum)","Miasto do 19 999 mieszkańców","Uczeń / Student","Nie dotyczy (brak takich dochodów)","Tak"
"2025/12/27 5:30:49 PM GMT+1","Tak","Raczej się zgadzam","Ani tak, ani nie","Zdecydowanie się nie zgadzam","1","1","1","1","Raczej się zgadzam","Zdecydowanie się nie zgadzam","Zdecydowanie się nie zgadzam","Raczej wolę dług publiczny","Ani tak, ani nie","Raczej się zgadzam","Ani tak, ani nie","W bardzo dużym stopniu","W umiarkowanym stopniu","W umiarkowanym stopniu","Ani tak, ani nie","Zdecydowanie się nie zgadzam","Zdecydowanie się nie zgadzam","Zdecydowanie się zgadzam","Zdecydowanie się nie zgadzam","Ani tak, ani nie","Raczej się zgadzam","Zdecydowanie się zgadzam","Zdecydowanie się zgadzam","Ani tak, ani nie","Mężczyzna","18–24","Średnie (liceum / technikum)","Miasto 500 000 i więcej mieszkańców (np. Warszawa)","Uczeń / Student","Nie, niskie dochody (kwota wolna / brak zaliczek)","Tak"
"2025/12/27 7:34:43 PM GMT+1","Tak","Zdecydowanie się zgadzam","Zdecydowanie się zgadzam","Zdecydowanie się zgadzam","5","3","3","4","Ani tak, ani nie","Raczej się zgadzam","Raczej się zgadzam","Raczej wolę podwyżki podatków","Ani tak, ani nie","Raczej się zgadzam","Ani tak, ani nie","W umiarkowanym stopniu","W małym stopniu","W umiarkowanym stopniu","Raczej się nie zgadzam","Raczej się zgadzam","Raczej się zgadzam","Raczej się zgadzam","Ani tak, ani nie","Raczej się zgadzam","Ani tak, ani nie","Raczej się zgadzam","Raczej się zgadzam","Raczej się zgadzam","Mężczyzna","18–24","Średnie (liceum / technikum)","Wieś","Uczeń / Student","Nie, ulga „PIT 0” (do 26 lat)","Tak"
"2025/12/27 7:47:48 PM GMT+1","Tak","Raczej się zgadzam","Zdecydowanie się zgadzam","Raczej się zgadzam","5","2","2","4","Raczej się nie zgadzam","Zdecydowanie się nie zgadzam","Zdecydowanie się nie zgadzam","Trudno powiedzieć / zależy","Zdecydowanie się zgadzam","Raczej się zgadzam","Raczej się zgadzam","W bardzo dużym stopniu","W dużym stopniu","W bardzo dużym stopniu","Raczej się zgadzam","Zdecydowanie się zgadzam","Zdecydowanie się nie zgadzam","Zdecydowanie się nie zgadzam","Zdecydowanie się zgadzam","Raczej się zgadzam","Ani tak, ani nie","Raczej się zgadzam","Zdecydowanie się zgadzam","Zdecydowanie się zgadzam","Mężczyzna","18–24","Średnie (liceum / technikum)","Miasto 500 000 i więcej mieszkańców (np. Warszawa)","Uczeń / Student","Nie, ulga „PIT 0” (do 26 lat)","Tak"
"2025/12/27 7:49:02 PM GMT+1","Tak","Raczej się nie zgadzam","Raczej się zgadzam","Raczej się nie zgadzam","4","2","2","2","Zdecydowanie się zgadzam","Raczej się nie zgadzam","Zdecydowanie się nie zgadzam","Raczej wolę podwyżki podatków","Zdecydowanie się zgadzam","Raczej się zgadzam","Raczej się zgadzam","W dużym stopniu","W dużym stopniu","W małym stopniu","Raczej się zgadzam","Raczej się nie zgadzam","Raczej się nie zgadzam","Raczej się nie zgadzam","Raczej się zgadzam","Raczej się zgadzam","Raczej się zgadzam","Raczej się nie zgadzam","Raczej się zgadzam","Raczej się zgadzam","Mężczyzna","18–24","Średnie (liceum / technikum)","Miasto do 19 999 mieszkańców","Bezrobotny/a","Nie, ulga „PIT 0” (do 26 lat)","Tak"
"2025/12/27 7:55:45 PM GMT+1","Tak","Raczej się zgadzam","Raczej się zgadzam","Raczej się zgadzam","3","2","1","3","Raczej się zgadzam","Raczej się nie zgadzam","Raczej się nie zgadzam","Trudno powiedzieć / zależy","Ani tak, ani nie","Raczej się nie zgadzam","Raczej się zgadzam","W umiarkowanym stopniu","W dużym stopniu","W umiarkowanym stopniu","Ani tak, ani nie","Raczej się zgadzam","Raczej się nie zgadzam","Raczej się nie zgadzam","Ani tak, ani nie","Zdecydowanie się nie zgadzam","Raczej się nie zgadzam","Raczej się zgadzam","Raczej się zgadzam","Raczej się zgadzam","Mężczyzna","18–24","Średnie (liceum / technikum)","Wieś","Uczeń / Student","Nie dotyczy (brak takich dochodów)","Tak"
"2025/12/27 8:16:34 PM GMT+1","Tak","Ani tak, ani nie","Raczej się nie zgadzam","Raczej się nie zgadzam","4","4","3","3","Zdecydowanie się zgadzam","Zdecydowanie się nie zgadzam","Zdecydowanie się nie zgadzam","Trudno powiedzieć / zależy","Zdecydowanie się zgadzam","Raczej się zgadzam","Ani tak, ani nie","W dużym stopniu","W dużym stopniu","W dużym stopniu","Raczej się zgadzam","Raczej się zgadzam","Zdecydowanie się zgadzam","Ani tak, ani nie","Zdecydowanie się zgadzam","Zdecydowanie się zgadzam","Raczej się nie zgadzam","Raczej się nie zgadzam","Raczej się nie zgadzam","Raczej się nie zgadzam","Kobieta","18–24","Wyższe (licencjat / inżynier / magister)","Wieś","Uczeń / Student","Nie, dochody nie podlegały zaliczkom (np. niektóre umowy/źródła)","Tak"
"2025/12/27 8:50:10 PM GMT+1","Tak","Raczej się zgadzam","Raczej się zgadzam","Raczej się zgadzam","3","3","3","5","Raczej się zgadzam","Raczej się zgadzam","Ani tak, ani nie","Trudno powiedzieć / zależy","Ani tak, ani nie","Raczej się zgadzam","Ani tak, ani nie","W dużym stopniu","W małym stopniu","W umiarkowanym stopniu","Raczej się nie zgadzam","Ani tak, ani nie","Zdecydowanie się nie zgadzam","Ani tak, ani nie","Ani tak, ani nie","Raczej się zgadzam","Ani tak, ani nie","Raczej się nie zgadzam","Raczej się nie zgadzam","Raczej się zgadzam","Mężczyzna","35–44","Wyższe (licencjat / inżynier / magister)","Miasto 20 000–99 999 mieszkańców","Pracujący/a (etat, umowy, własna działalność)","Tak, regularnie","Nie"
"2025/12/27 9:25:05 PM GMT+1","Tak","Raczej się zgadzam","Raczej się zgadzam","Raczej się zgadzam","5","5","4","3","Raczej się zgadzam","Raczej się nie zgadzam","Ani tak, ani nie","Raczej wolę dług publiczny","Ani tak, ani nie","Raczej się zgadzam","Raczej się nie zgadzam","W umiarkowanym stopniu","W umiarkowanym stopniu","W dużym stopniu","Ani tak, ani nie","Raczej się nie zgadzam","Raczej się nie zgadzam","Raczej się nie zgadzam","Raczej się zgadzam","Raczej się zgadzam","Raczej się nie zgadzam","Raczej się nie zgadzam","Raczej się nie zgadzam","Raczej się zgadzam","Kobieta","35–44","Wyższe (licencjat / inżynier / magister)","Miasto 20 000–99 999 mieszkańców","Pracujący/a (etat, umowy, własna działalność)","Tak, regularnie","Nie"
"2025/12/27 11:04:47 PM GMT+1","Tak","Raczej się nie zgadzam","Raczej się zgadzam","Ani tak, ani nie","3","3","3","3","Raczej się zgadzam","Zdecydowanie się nie zgadzam","Raczej się nie zgadzam","Raczej wolę dług publiczny","Raczej się zgadzam","Raczej się zgadzam","Raczej się zgadzam","W dużym stopniu","W umiarkowanym stopniu","W małym stopniu","Ani tak, ani nie","Ani tak, ani nie","Zdecydowanie się nie zgadzam","Zdecydowanie się nie zgadzam","Raczej się nie zgadzam","Raczej się zgadzam","Raczej się nie zgadzam","Raczej się nie zgadzam","Raczej się zgadzam","Raczej się nie zgadzam","Kobieta","45–54","Wyższe (licencjat / inżynier / magister)","Wieś","Pracujący/a (etat, umowy, własna działalność)","Tak, regularnie","Tak"
"2025/12/27 11:09:35 PM GMT+1","Tak","Raczej się zgadzam","Zdecydowanie się zgadzam","Raczej się nie zgadzam","4","2","2","3","Raczej się nie zgadzam","Ani tak, ani nie","Raczej się zgadzam","Trudno powiedzieć / zależy","Raczej się nie zgadzam","Raczej się zgadzam","Raczej się zgadzam","W dużym stopniu","W umiarkowanym stopniu","W umiarkowanym stopniu","Ani tak, ani nie","Raczej się zgadzam","Raczej się nie zgadzam","Raczej się nie zgadzam","Raczej się nie zgadzam","Ani tak, ani nie","Raczej się zgadzam","Raczej się zgadzam","Raczej się zgadzam","Ani tak, ani nie","Kobieta","18–24","Podstawowe (lub niższe) / gimnazjalne","Wieś","Uczeń / Student","Nie, ulga „PIT 0” (do 26 lat)","Tak"
"2025/12/28 12:44:49 AM GMT+1","Tak","Ani tak, ani nie","Raczej się zgadzam","Raczej się zgadzam","5","3","3","3","Raczej się zgadzam","Zdecydowanie się nie zgadzam","Zdecydowanie się nie zgadzam","Raczej wolę dług publiczny","Raczej się zgadzam","Raczej się zgadzam","Zdecydowanie się zgadzam","W dużym stopniu","W umiarkowanym stopniu","W umiarkowanym stopniu","Ani tak, ani nie","Ani tak, ani nie","Ani tak, ani nie","Raczej się nie zgadzam","Raczej się nie zgadzam","Zdecydowanie się zgadzam","Raczej się nie zgadzam","Zdecydowanie się nie zgadzam","Ani tak, ani nie","Raczej się zgadzam","Kobieta","18–24","Wyższe (licencjat / inżynier / magister)","Wieś","Uczeń / Student","Nie, ulga „PIT 0” (do 26 lat)","Tak"
"2025/12/28 1:02:14 PM GMT+1","Tak","Zdecydowanie się zgadzam","Raczej się zgadzam","Zdecydowanie się nie zgadzam","3","3","1","1","Raczej się zgadzam","Zdecydowanie się nie zgadzam","Zdecydowanie się nie zgadzam","Raczej wolę dług publiczny","Raczej się zgadzam","Raczej się zgadzam","Zdecydowanie się zgadzam","W dużym stopniu","W bardzo dużym stopniu","W umiarkowanym stopniu","Zdecydowanie się zgadzam","Ani tak, ani nie","Raczej się nie zgadzam","Raczej się nie zgadzam","Raczej się zgadzam","Zdecydowanie się zgadzam","Zdecydowanie się nie zgadzam","Zdecydowanie się nie zgadzam","Zdecydowanie się zgadzam","Zdecydowanie się zgadzam","Kobieta","18–24","Średnie (liceum / technikum)","Miasto 20 000–99 999 mieszkańców","Uczeń / Student","Nie, ulga „PIT 0” (do 26 lat)","Tak"
"2025/12/28 10:49:24 PM GMT+1","Tak","Zdecydowanie się zgadzam","Zdecydowanie się zgadzam","Zdecydowanie się zgadzam","5","2","2","5","Zdecydowanie się zgadzam","Raczej się nie zgadzam","Zdecydowanie się nie zgadzam","Zdecydowanie wolę podwyżki podatków","Raczej się zgadzam","Raczej się zgadzam","Raczej się zgadzam","W bardzo dużym stopniu","W bardzo dużym stopniu","W dużym stopniu","Zdecydowanie się zgadzam","Ani tak, ani nie","Zdecydowanie się nie zgadzam","Zdecydowanie się nie zgadzam","Raczej się zgadzam","Raczej się zgadzam","Ani tak, ani nie","Zdecydowanie się zgadzam","Zdecydowanie się zgadzam","Raczej się zgadzam","Kobieta","18–24","Średnie (liceum / technikum)","Miasto 100 000–499 999 mieszkańców","Uczeń / Student","Nie, ulga „PIT 0” (do 26 lat)","Tak"
"2025/12/28 10:50:32 PM GMT+1","Tak","Zdecydowanie się zgadzam","Zdecydowanie się zgadzam","Raczej się zgadzam","5","2","2","1","Raczej się nie zgadzam","Ani tak, ani nie","Zdecydowanie się zgadzam","Zdecydowanie wolę dług publiczny","Zdecydowanie się nie zgadzam","Raczej się zgadzam","Raczej się zgadzam","W bardzo dużym stopniu","W dużym stopniu","Wcale","Zdecydowanie się nie zgadzam","Zdecydowanie się nie zgadzam","Zdecydowanie się zgadzam","Zdecydowanie się zgadzam","Raczej się zgadzam","Ani tak, ani nie","Raczej się nie zgadzam","Raczej się zgadzam","Zdecydowanie się zgadzam","Zdecydowanie się zgadzam","Mężczyzna","18–24","Średnie (liceum / technikum)","Miasto 500 000 i więcej mieszkańców (np. Warszawa)","Uczeń / Student","Nie, ulga „PIT 0” (do 26 lat)","Tak"
"2025/12/28 10:52:33 PM GMT+1","Tak","Zdecydowanie się zgadzam","Raczej się zgadzam","Raczej się zgadzam","1","3","3","4","Raczej się zgadzam","Raczej się zgadzam","Zdecydowanie się zgadzam","Zdecydowanie wolę dług publiczny","Zdecydowanie się nie zgadzam","Raczej się zgadzam","Zdecydowanie się nie zgadzam","W dużym stopniu","W dużym stopniu","W małym stopniu","Zdecydowanie się nie zgadzam","Raczej się nie zgadzam","Zdecydowanie się zgadzam","Zdecydowanie się zgadzam","Zdecydowanie się zgadzam","Raczej się nie zgadzam","Raczej się zgadzam","Raczej się zgadzam","Zdecydowanie się zgadzam","Raczej się zgadzam","Mężczyzna","18–24","Średnie (liceum / technikum)","Miasto 500 000 i więcej mieszkańców (np. Warszawa)","Uczeń / Student","Nie, ulga „PIT 0” (do 26 lat)","Tak"
"2025/12/28 10:54:26 PM GMT+1","Tak","Raczej się zgadzam","Raczej się zgadzam","Ani tak, ani nie","5","3","3","1","Zdecydowanie się nie zgadzam","Raczej się zgadzam","Zdecydowanie się zgadzam","Zdecydowanie wolę dług publiczny","Zdecydowanie się nie zgadzam","Raczej się zgadzam","Zdecydowanie się zgadzam","W bardzo dużym stopniu","W bardzo dużym stopniu","Wcale","Zdecydowanie się nie zgadzam","Zdecydowanie się nie zgadzam","Zdecydowanie się zgadzam","Zdecydowanie się zgadzam","Zdecydowanie się zgadzam","Zdecydowanie się nie zgadzam","Raczej się nie zgadzam","Raczej się nie zgadzam","Zdecydowanie się zgadzam","Zdecydowanie się zgadzam","Kobieta","25–34","Wyższe (licencjat / inżynier / magister)","Miasto 100 000–499 999 mieszkańców","Pracujący/a (etat, umowy, własna działalność)","Tak, regularnie","Tak"
"2025/12/28 10:55:42 PM GMT+1","Tak","Raczej się zgadzam","Zdecydowanie się nie zgadzam","Zdecydowanie się nie zgadzam","1","1","1","1","Zdecydowanie się zgadzam","Raczej się nie zgadzam","Raczej się nie zgadzam","Zdecydowanie wolę podwyżki podatków","Ani tak, ani nie","Raczej się zgadzam","Ani tak, ani nie","W dużym stopniu","W bardzo dużym stopniu","W małym stopniu","Zdecydowanie się nie zgadzam","Zdecydowanie się nie zgadzam","Zdecydowanie się nie zgadzam","Ani tak, ani nie","Raczej się nie zgadzam","Zdecydowanie się zgadzam","Zdecydowanie się nie zgadzam","Zdecydowanie się zgadzam","Raczej się zgadzam","Zdecydowanie się zgadzam","Mężczyzna","18–24","Wyższe (licencjat / inżynier / magister)","Miasto 500 000 i więcej mieszkańców (np. Warszawa)","Uczeń / Student","Tak, czasami / przez część roku","Tak"
"2025/12/28 10:57:51 PM GMT+1","Tak","Zdecydowanie się nie zgadzam","Zdecydowanie się nie zgadzam","Zdecydowanie się nie zgadzam","2","1","1","1","Zdecydowanie się zgadzam","Zdecydowanie się nie zgadzam","Zdecydowanie się nie zgadzam","Raczej wolę podwyżki podatków","Raczej się zgadzam","Raczej się zgadzam","Raczej się zgadzam","W małym stopniu","W dużym stopniu","W małym stopniu","Zdecydowanie się nie zgadzam","Zdecydowanie się nie zgadzam","Raczej się zgadzam","Ani tak, ani nie","Ani tak, ani nie","Zdecydowanie się zgadzam","Zdecydowanie się nie zgadzam","Zdecydowanie się nie zgadzam","Raczej się zgadzam","Raczej się zgadzam","Mężczyzna","18–24","Wyższe (licencjat / inżynier / magister)","Miasto 500 000 i więcej mieszkańców (np. Warszawa)","Uczeń / Student","Nie, ulga „PIT 0” (do 26 lat)","Tak"
"2025/12/28 11:06:12 PM GMT+1","Tak","Raczej się zgadzam","Zdecydowanie się nie zgadzam","Raczej się nie zgadzam","2","2","1","2","Raczej się zgadzam","Raczej się nie zgadzam","Raczej się nie zgadzam","Raczej wolę dług publiczny","Ani tak, ani nie","Raczej się zgadzam","Ani tak, ani nie","W umiarkowanym stopniu","W umiarkowanym stopniu","W umiarkowanym stopniu","Raczej się zgadzam","Zdecydowanie się zgadzam","Ani tak, ani nie","Raczej się nie zgadzam","Ani tak, ani nie","Raczej się zgadzam","Ani tak, ani nie","Zdecydowanie się zgadzam","Zdecydowanie się zgadzam","Raczej się zgadzam","Mężczyzna","18–24","Wyższe (licencjat / inżynier / magister)","Miasto 500 000 i więcej mieszkańców (np. Warszawa)","Uczeń / Student","Nie, ulga „PIT 0” (do 26 lat)","Tak"
"2025/12/28 11:22:25 PM GMT+1","Tak","Zdecydowanie się nie zgadzam","Zdecydowanie się nie zgadzam","Zdecydowanie się nie zgadzam","1","1","1","1","Zdecydowanie się nie zgadzam","Zdecydowanie się nie zgadzam","Zdecydowanie się nie zgadzam","Zdecydowanie wolę dług publiczny","Zdecydowanie się zgadzam","Raczej się zgadzam","Zdecydowanie się zgadzam","Wcale","W bardzo dużym stopniu","Wcale","Zdecydowanie się nie zgadzam","Zdecydowanie się nie zgadzam","Zdecydowanie się zgadzam","Zdecydowanie się zgadzam","Zdecydowanie się zgadzam","Zdecydowanie się zgadzam","Zdecydowanie się nie zgadzam","Zdecydowanie się nie zgadzam","Zdecydowanie się zgadzam","Zdecydowanie się zgadzam","Mężczyzna","25–34","Wyższe (licencjat / inżynier / magister)","Miasto 500 000 i więcej mieszkańców (np. Warszawa)","Uczeń / Student","Nie dotyczy (brak takich dochodów)","Tak"
"2025/12/28 11:23:19 PM GMT+1","Tak","Ani tak, ani nie","Raczej się nie zgadzam","Raczej się nie zgadzam","5","2","2","2","Zdecydowanie się zgadzam","Zdecydowanie się nie zgadzam","Zdecydowanie się nie zgadzam","Raczej wolę dług publiczny","Raczej się zgadzam","Raczej się zgadzam","Zdecydowanie się zgadzam","W dużym stopniu","W umiarkowanym stopniu","W umiarkowanym stopniu","Raczej się zgadzam","Raczej się zgadzam","Raczej się nie zgadzam","Raczej się nie zgadzam","Raczej się nie zgadzam","Raczej się zgadzam","Ani tak, ani nie","Raczej się zgadzam","Raczej się nie zgadzam","Raczej się zgadzam","Kobieta","18–24","Średnie (liceum / technikum)","Miasto 100 000–499 999 mieszkańców","Uczeń / Student","Nie, dochody nie podlegały zaliczkom (np. niektóre umowy/źródła)","Tak"
"2025/12/28 11:24:56 PM GMT+1","Tak","Zdecydowanie się zgadzam","Ani tak, ani nie","Raczej się nie zgadzam","4","3","1","1","Raczej się zgadzam","Raczej się nie zgadzam","Raczej się zgadzam","Raczej wolę dług publiczny","Ani tak, ani nie","Raczej się zgadzam","Zdecydowanie się zgadzam","W dużym stopniu","W dużym stopniu","W małym stopniu","Zdecydowanie się nie zgadzam","Zdecydowanie się nie zgadzam","Ani tak, ani nie","Raczej się zgadzam","Ani tak, ani nie","Raczej się zgadzam","Raczej się nie zgadzam","Raczej się zgadzam","Raczej się nie zgadzam","Raczej się zgadzam","Kobieta","25–34","Wyższe (licencjat / inżynier / magister)","Miasto 500 000 i więcej mieszkańców (np. Warszawa)","Uczeń / Student","Nie, dochody nie podlegały zaliczkom (np. niektóre umowy/źródła)","Tak"
"2025/12/28 11:27:09 PM GMT+1","Tak","Raczej się zgadzam","Raczej się zgadzam","Raczej się zgadzam","5","2","2","2","Raczej się zgadzam","Raczej się zgadzam","Raczej się zgadzam","Raczej wolę podwyżki podatków","Raczej się nie zgadzam","Raczej się zgadzam","Raczej się nie zgadzam","W dużym stopniu","W umiarkowanym stopniu","W małym stopniu","Raczej się nie zgadzam","Raczej się nie zgadzam","Zdecydowanie się nie zgadzam","Zdecydowanie się zgadzam","Zdecydowanie się zgadzam","Zdecydowanie się nie zgadzam","Zdecydowanie się zgadzam","Zdecydowanie się zgadzam","Ani tak, ani nie","Raczej się zgadzam","Kobieta","18–24","Średnie (liceum / technikum)","Miasto 500 000 i więcej mieszkańców (np. Warszawa)","Uczeń / Student","Nie, ulga „PIT 0” (do 26 lat)","Tak"
"2025/12/28 11:27:44 PM GMT+1","Tak","Zdecydowanie się zgadzam","Raczej się zgadzam","Raczej się nie zgadzam","1","1","1","1","Raczej się nie zgadzam","Zdecydowanie się zgadzam","Zdecydowanie się zgadzam","Zdecydowanie wolę dług publiczny","Zdecydowanie się nie zgadzam","Raczej się zgadzam","Raczej się zgadzam","W dużym stopniu","W umiarkowanym stopniu","W małym stopniu","Ani tak, ani nie","Zdecydowanie się nie zgadzam","Ani tak, ani nie","Ani tak, ani nie","Ani tak, ani nie","Raczej się zgadzam","Raczej się nie zgadzam","Zdecydowanie się zgadzam","Zdecydowanie się zgadzam","Zdecydowanie się zgadzam","Mężczyzna","25–34","Wyższe (licencjat / inżynier / magister)","Miasto 500 000 i więcej mieszkańców (np. Warszawa)","Uczeń / Student","Nie, ulga „PIT 0” (do 26 lat)","Tak"
"2025/12/28 11:28:32 PM GMT+1","Tak","Raczej się zgadzam","Raczej się zgadzam","Ani tak, ani nie","3","3","3","3","Raczej się zgadzam","Raczej się zgadzam","Ani tak, ani nie","Trudno powiedzieć / zależy","Raczej się zgadzam","Raczej się nie zgadzam","Raczej się zgadzam","W umiarkowanym stopniu","W dużym stopniu","W umiarkowanym stopniu","Raczej się zgadzam","Raczej się zgadzam","Ani tak, ani nie","Zdecydowanie się nie zgadzam","Raczej się nie zgadzam","Ani tak, ani nie","Zdecydowanie się nie zgadzam","Raczej się nie zgadzam","Raczej się nie zgadzam","Zdecydowanie się nie zgadzam","Mężczyzna","18–24","Średnie (liceum / technikum)","Miasto 20 000–99 999 mieszkańców","Uczeń / Student","Nie dotyczy (brak takich dochodów)","Tak"
"2025/12/29 8:54:47 AM GMT+1","Tak","Raczej się zgadzam","Raczej się zgadzam","Raczej się zgadzam","4","4","2","3","Raczej się zgadzam","Raczej się zgadzam","Raczej się nie zgadzam","Raczej wolę podwyżki podatków","Ani tak, ani nie","Raczej się zgadzam","Raczej się zgadzam","W dużym stopniu","W dużym stopniu","W dużym stopniu","Raczej się zgadzam","Raczej się zgadzam","Raczej się nie zgadzam","Ani tak, ani nie","Ani tak, ani nie","Raczej się zgadzam","Raczej się nie zgadzam","Raczej się zgadzam","Raczej się zgadzam","Raczej się zgadzam","Mężczyzna","18–24","Średnie (liceum / technikum)","Miasto 100 000–499 999 mieszkańców","Uczeń / Student","Nie, ulga „PIT 0” (do 26 lat)","Tak"
"2025/12/29 10:35:03 AM GMT+1","Tak","Zdecydowanie się zgadzam","Zdecydowanie się zgadzam","Zdecydowanie się nie zgadzam","4","3","1","1","Raczej się nie zgadzam","Ani tak, ani nie","Zdecydowanie się zgadzam","Zdecydowanie wolę dług publiczny","Zdecydowanie się nie zgadzam","Raczej się zgadzam","Zdecydowanie się zgadzam","W bardzo dużym stopniu","W dużym stopniu","Wcale","Zdecydowanie się nie zgadzam","Zdecydowanie się nie zgadzam","Zdecydowanie się zgadzam","Zdecydowanie się zgadzam","Ani tak, ani nie","Raczej się zgadzam","Raczej się nie zgadzam","Raczej się nie zgadzam","Zdecydowanie się zgadzam","Raczej się zgadzam","Kobieta","18–24","Średnie (liceum / technikum)","Miasto 500 000 i więcej mieszkańców (np. Warszawa)","Uczeń / Student","Nie, ulga „PIT 0” (do 26 lat)","Tak"
"2025/12/29 10:52:36 AM GMT+1","Tak","Zdecydowanie się zgadzam","Raczej się zgadzam","Zdecydowanie się zgadzam","4","2","4","2","Raczej się zgadzam","Raczej się zgadzam","Zdecydowanie się zgadzam","Zdecydowanie wolę dług publiczny","Zdecydowanie się nie zgadzam","Raczej się zgadzam","Raczej się zgadzam","W dużym stopniu","W dużym stopniu","W małym stopniu","Raczej się nie zgadzam","Ani tak, ani nie","Raczej się nie zgadzam","Zdecydowanie się nie zgadzam","Zdecydowanie się nie zgadzam","Zdecydowanie się zgadzam","Raczej się nie zgadzam","Zdecydowanie się zgadzam","Raczej się zgadzam","Raczej się zgadzam","Mężczyzna","18–24","Średnie (liceum / technikum)","Miasto 500 000 i więcej mieszkańców (np. Warszawa)","Uczeń / Student","Nie, dochody nie podlegały zaliczkom (np. niektóre umowy/źródła)","Tak"
"2025/12/29 12:00:14 PM GMT+1","Tak","Zdecydowanie się zgadzam","Raczej się nie zgadzam","Raczej się nie zgadzam","4","3","2","5","Raczej się nie zgadzam","Raczej się nie zgadzam","Raczej się zgadzam","Raczej wolę dług publiczny","Raczej się zgadzam","Raczej się zgadzam","Raczej się zgadzam","W małym stopniu","W dużym stopniu","W bardzo dużym stopniu","Raczej się zgadzam","Zdecydowanie się zgadzam","Zdecydowanie się nie zgadzam","Zdecydowanie się nie zgadzam","Zdecydowanie się nie zgadzam","Ani tak, ani nie","Ani tak, ani nie","Raczej się nie zgadzam","Raczej się zgadzam","Raczej się nie zgadzam","Mężczyzna","35–44","Wyższe (licencjat / inżynier / magister)","Miasto 500 000 i więcej mieszkańców (np. Warszawa)","Pracujący/a (etat, umowy, własna działalność)","Tak, regularnie","Tak"
"2025/12/29 12:45:43 PM GMT+1","Tak","Raczej się zgadzam","Zdecydowanie się zgadzam","Raczej się zgadzam","5","5","3","3","Zdecydowanie się zgadzam","Raczej się zgadzam","Raczej się zgadzam","Trudno powiedzieć / zależy","Raczej się zgadzam","Raczej się zgadzam","Ani tak, ani nie","W dużym stopniu","W umiarkowanym stopniu","W dużym stopniu","Raczej się zgadzam","Raczej się zgadzam","Zdecydowanie się nie zgadzam","Raczej się nie zgadzam","Raczej się nie zgadzam","Raczej się nie zgadzam","Raczej się nie zgadzam","Raczej się nie zgadzam","Ani tak, ani nie","Ani tak, ani nie","Mężczyzna","35–44","Wyższe (licencjat / inżynier / magister)","Miasto 20 000–99 999 mieszkańców","Pracujący/a (etat, umowy, własna działalność)","Tak, regularnie","Tak"
"2025/12/29 1:00:03 PM GMT+1","Tak","Zdecydowanie się zgadzam","Raczej się nie zgadzam","Zdecydowanie się zgadzam","3","2","1","3","Zdecydowanie się zgadzam","Raczej się zgadzam","Zdecydowanie się zgadzam","Zdecydowanie wolę dług publiczny","Raczej się nie zgadzam","Raczej się zgadzam","Raczej się nie zgadzam","W dużym stopniu","W dużym stopniu","W małym stopniu","Raczej się zgadzam","Raczej się zgadzam","Ani tak, ani nie","Raczej się nie zgadzam","Ani tak, ani nie","Raczej się zgadzam","Raczej się zgadzam","Zdecydowanie się zgadzam","Zdecydowanie się zgadzam","Zdecydowanie się zgadzam","Mężczyzna","18–24","Wyższe (licencjat / inżynier / magister)","Miasto 500 000 i więcej mieszkańców (np. Warszawa)","Uczeń / Student","Nie, ulga „PIT 0” (do 26 lat)","Tak"
"2025/12/29 9:38:44 PM GMT+1","Tak","Raczej się zgadzam","Raczej się zgadzam","Ani tak, ani nie","3","2","4","2","Zdecydowanie się zgadzam","Ani tak, ani nie","Raczej się zgadzam","Raczej wolę dług publiczny","Raczej się zgadzam","Raczej się zgadzam","Ani tak, ani nie","W bardzo dużym stopniu","W umiarkowanym stopniu","W umiarkowanym stopniu","Ani tak, ani nie","Ani tak, ani nie","Raczej się nie zgadzam","Zdecydowanie się nie zgadzam","Ani tak, ani nie","Zdecydowanie się zgadzam","Raczej się nie zgadzam","Raczej się nie zgadzam","Raczej się nie zgadzam","Raczej się nie zgadzam","Kobieta","18–24","Wyższe (licencjat / inżynier / magister)","Miasto 500 000 i więcej mieszkańców (np. Warszawa)","Uczeń / Student","Nie, ulga „PIT 0” (do 26 lat)","Tak"
"2025/12/30 1:27:43 AM GMT+1","Tak","Zdecydowanie się zgadzam","Zdecydowanie się zgadzam","Zdecydowanie się zgadzam","5","3","2","2","Zdecydowanie się zgadzam","Zdecydowanie się zgadzam","Zdecydowanie się zgadzam","Trudno powiedzieć / zależy","Zdecydowanie się nie zgadzam","Raczej się zgadzam","Raczej się zgadzam","W umiarkowanym stopniu","W dużym stopniu","W małym stopniu","Raczej się zgadzam","Zdecydowanie się nie zgadzam","Ani tak, ani nie","Ani tak, ani nie","Ani tak, ani nie","Raczej się nie zgadzam","Ani tak, ani nie","Ani tak, ani nie","Raczej się zgadzam","Raczej się zgadzam","Mężczyzna","18–24","Wyższe (licencjat / inżynier / magister)","Miasto 100 000–499 999 mieszkańców","Uczeń / Student","Nie, ulga „PIT 0” (do 26 lat)","Tak"
"2025/12/31 12:05:28 AM GMT+1","Tak","Zdecydowanie się zgadzam","Zdecydowanie się zgadzam","Raczej się zgadzam","4","3","2","3","Raczej się zgadzam","Raczej się nie zgadzam","Zdecydowanie się nie zgadzam","Raczej wolę podwyżki podatków","Zdecydowanie się zgadzam","Raczej się zgadzam","Ani tak, ani nie","W umiarkowanym stopniu","W dużym stopniu","W dużym stopniu","Ani tak, ani nie","Raczej się zgadzam","Ani tak, ani nie","Raczej się nie zgadzam","Ani tak, ani nie","Raczej się zgadzam","Raczej się nie zgadzam","Zdecydowanie się nie zgadzam","Raczej się nie zgadzam","Raczej się zgadzam","Mężczyzna","18–24","Średnie (liceum / technikum)","Wieś","Uczeń / Student","Nie, ulga „PIT 0” (do 26 lat)","Tak"
"2026/01/01 12:12:51 AM GMT+1","Tak","Raczej się zgadzam","Ani tak, ani nie","Raczej się zgadzam","5","4","2","3","Zdecydowanie się zgadzam","Raczej się nie zgadzam","Raczej się nie zgadzam","Raczej wolę dług publiczny","Raczej się zgadzam","Raczej się zgadzam","Ani tak, ani nie","W dużym stopniu","W umiarkowanym stopniu","W umiarkowanym stopniu","Raczej się zgadzam","Raczej się nie zgadzam","Ani tak, ani nie","Raczej się zgadzam","Ani tak, ani nie","Zdecydowanie się zgadzam","Raczej się nie zgadzam","Zdecydowanie się zgadzam","Raczej się nie zgadzam","Raczej się zgadzam","Mężczyzna","18–24","Średnie (liceum / technikum)","Miasto 100 000–499 999 mieszkańców","Uczeń / Student","Nie dotyczy (brak takich dochodów)","Tak"
"2026/01/01 9:54:12 PM GMT+1","Tak","Zdecydowanie się zgadzam","Zdecydowanie się zgadzam","Zdecydowanie się zgadzam","4","5","1","5","Raczej się nie zgadzam","Raczej się nie zgadzam","Raczej się nie zgadzam","Trudno powiedzieć / zależy","Zdecydowanie się zgadzam","Raczej się zgadzam","Ani tak, ani nie","W umiarkowanym stopniu","W dużym stopniu","W dużym stopniu","Zdecydowanie się zgadzam","Zdecydowanie się zgadzam","Zdecydowanie się nie zgadzam","Zdecydowanie się nie zgadzam","Zdecydowanie się nie zgadzam","Raczej się zgadzam","Ani tak, ani nie","Raczej się zgadzam","Raczej się zgadzam","Raczej się zgadzam","Mężczyzna","18–24","Średnie (liceum / technikum)","Miasto 500 000 i więcej mieszkańców (np. Warszawa)","Uczeń / Student","Nie, ulga „PIT 0” (do 26 lat)","Tak"
"2026/01/01 10:08:41 PM GMT+1","Tak","Raczej się zgadzam","Raczej się zgadzam","Ani tak, ani nie","5","3","1","2","Ani tak, ani nie","Zdecydowanie się nie zgadzam","Zdecydowanie się nie zgadzam","Trudno powiedzieć / zależy","Zdecydowanie się zgadzam","Raczej się nie zgadzam","Ani tak, ani nie","W umiarkowanym stopniu","W dużym stopniu","W bardzo dużym stopniu","Raczej się zgadzam","Ani tak, ani nie","Zdecydowanie się nie zgadzam","Zdecydowanie się nie zgadzam","Ani tak, ani nie","Ani tak, ani nie","Raczej się nie zgadzam","Raczej się nie zgadzam","Raczej się zgadzam","Raczej się zgadzam","Kobieta","18–24","Wyższe (licencjat / inżynier / magister)","Wieś","Uczeń / Student","Tak, czasami / przez część roku","Tak"
"2026/01/01 11:09:43 PM GMT+1","Tak","Ani tak, ani nie","Raczej się nie zgadzam","Raczej się nie zgadzam","5","5","5","2","Raczej się nie zgadzam","Zdecydowanie się nie zgadzam","Zdecydowanie się nie zgadzam","Trudno powiedzieć / zależy","Zdecydowanie się zgadzam","Raczej się zgadzam","Raczej się zgadzam","W umiarkowanym stopniu","W małym stopniu","W bardzo dużym stopniu","Zdecydowanie się zgadzam","Zdecydowanie się zgadzam","Zdecydowanie się nie zgadzam","Zdecydowanie się nie zgadzam","Ani tak, ani nie","Ani tak, ani nie","Ani tak, ani nie","Ani tak, ani nie","Raczej się zgadzam","Raczej się zgadzam","Mężczyzna","25–34","Wyższe (licencjat / inżynier / magister)","Miasto 500 000 i więcej mieszkańców (np. Warszawa)","Pracujący/a (etat, umowy, własna działalność)","Tak, regularnie","Nie"
"2026/01/01 11:17:57 PM GMT+1","Tak","Zdecydowanie się zgadzam","Zdecydowanie się zgadzam","Zdecydowanie się zgadzam","5","5","2","4","Ani tak, ani nie","Raczej się nie zgadzam","Zdecydowanie się nie zgadzam","Raczej wolę podwyżki podatków","Zdecydowanie się zgadzam","Raczej się zgadzam","Ani tak, ani nie","W dużym stopniu","W umiarkowanym stopniu","W bardzo dużym stopniu","Zdecydowanie się zgadzam","Zdecydowanie się zgadzam","Zdecydowanie się nie zgadzam","Zdecydowanie się nie zgadzam","Zdecydowanie się nie zgadzam","Zdecydowanie się zgadzam","Raczej się nie zgadzam","Ani tak, ani nie","Raczej się zgadzam","Raczej się zgadzam","Mężczyzna","18–24","Wyższe (licencjat / inżynier / magister)","Miasto 500 000 i więcej mieszkańców (np. Warszawa)","Uczeń / Student","Nie dotyczy (brak takich dochodów)","Nie"
"2026/01/01 11:20:34 PM GMT+1","Tak","Raczej się zgadzam","Ani tak, ani nie","Ani tak, ani nie","4","3","3","2","Zdecydowanie się zgadzam","Zdecydowanie się nie zgadzam","Raczej się zgadzam","Zdecydowanie wolę dług publiczny","Ani tak, ani nie","Raczej się zgadzam","Raczej się zgadzam","W dużym stopniu","W umiarkowanym stopniu","W małym stopniu","Ani tak, ani nie","Raczej się zgadzam","Raczej się nie zgadzam","Zdecydowanie się nie zgadzam","Raczej się nie zgadzam","Ani tak, ani nie","Ani tak, ani nie","Ani tak, ani nie","Raczej się nie zgadzam","Raczej się nie zgadzam","Kobieta","25–34","Wyższe (licencjat / inżynier / magister)","Miasto 500 000 i więcej mieszkańców (np. Warszawa)","Pracujący/a (etat, umowy, własna działalność)","Tak, regularnie","Nie"
"2026/01/02 12:20:53 AM GMT+1","Tak","Zdecydowanie się zgadzam","Raczej się zgadzam","Raczej się zgadzam","4","3","1","2","Ani tak, ani nie","Raczej się zgadzam","Zdecydowanie się zgadzam","Raczej wolę dług publiczny","Raczej się nie zgadzam","Raczej się zgadzam","Raczej się zgadzam","W bardzo dużym stopniu","W dużym stopniu","W umiarkowanym stopniu","Raczej się zgadzam","Raczej się nie zgadzam","Raczej się nie zgadzam","Raczej się nie zgadzam","Raczej się nie zgadzam","Ani tak, ani nie","Raczej się nie zgadzam","Raczej się zgadzam","Zdecydowanie się zgadzam","Raczej się zgadzam","Mężczyzna","18–24","Średnie (liceum / technikum)","Miasto 20 000–99 999 mieszkańców","Uczeń / Student","Nie, ulga „PIT 0” (do 26 lat)","Tak"
"2026/01/02 10:26:01 AM GMT+1","Tak","Zdecydowanie się zgadzam","Zdecydowanie się zgadzam","Zdecydowanie się zgadzam","1","3","4","1","Raczej się zgadzam","Raczej się zgadzam","Zdecydowanie się zgadzam","Raczej wolę dług publiczny","Ani tak, ani nie","Raczej się zgadzam","Raczej się nie zgadzam","W bardzo dużym stopniu","W małym stopniu","W umiarkowanym stopniu","Ani tak, ani nie","Raczej się zgadzam","Zdecydowanie się nie zgadzam","Ani tak, ani nie","Zdecydowanie się nie zgadzam","Raczej się nie zgadzam","Raczej się zgadzam","Raczej się zgadzam","Raczej się zgadzam","Raczej się zgadzam","Mężczyzna","18–24","Średnie (liceum / technikum)","Miasto 500 000 i więcej mieszkańców (np. Warszawa)","Uczeń / Student","Wolę nie odpowiadać","Tak"
"2026/01/03 12:27:06 PM GMT+1","Tak","Raczej się zgadzam","Raczej się zgadzam","Raczej się zgadzam","4","4","3","4","Raczej się zgadzam","Raczej się zgadzam","Raczej się zgadzam","Trudno powiedzieć / zależy","Ani tak, ani nie","Raczej się zgadzam","Ani tak, ani nie","W umiarkowanym stopniu","W dużym stopniu","W dużym stopniu","Raczej się nie zgadzam","Raczej się zgadzam","Raczej się nie zgadzam","Zdecydowanie się nie zgadzam","Ani tak, ani nie","Raczej się zgadzam","Zdecydowanie się nie zgadzam","Zdecydowanie się nie zgadzam","Ani tak, ani nie","Ani tak, ani nie","Kobieta","65+","Wyższe (licencjat / inżynier / magister)","Miasto 500 000 i więcej mieszkańców (np. Warszawa)","Emeryt / Rencista","Tak, czasami / przez część roku","Tak"
"2026/01/03 12:37:50 PM GMT+1","Tak","Zdecydowanie się zgadzam","Raczej się zgadzam","Raczej się zgadzam","5","1","1","4","Zdecydowanie się zgadzam","Raczej się nie zgadzam","Zdecydowanie się nie zgadzam","Raczej wolę podwyżki podatków","Zdecydowanie się nie zgadzam","Raczej się zgadzam","Ani tak, ani nie","W umiarkowanym stopniu","W dużym stopniu","W dużym stopniu","Zdecydowanie się zgadzam","Zdecydowanie się zgadzam","Zdecydowanie się nie zgadzam","Zdecydowanie się nie zgadzam","Ani tak, ani nie","Zdecydowanie się zgadzam","Ani tak, ani nie","Ani tak, ani nie","Ani tak, ani nie","Raczej się zgadzam","Mężczyzna","25–34","Wyższe (licencjat / inżynier / magister)","Miasto 500 000 i więcej mieszkańców (np. Warszawa)","Uczeń / Student","Tak, czasami / przez część roku","Tak"
"2026/01/03 1:52:15 PM GMT+1","Tak","Raczej się zgadzam","Raczej się nie zgadzam","Raczej się nie zgadzam","4","2","2","3","Raczej się zgadzam","Raczej się zgadzam","Raczej się nie zgadzam","Raczej wolę podwyżki podatków","Raczej się zgadzam","Raczej się zgadzam","Raczej się zgadzam","W dużym stopniu","W dużym stopniu","W umiarkowanym stopniu","Ani tak, ani nie","Raczej się zgadzam","Raczej się nie zgadzam","Raczej się nie zgadzam","Zdecydowanie się nie zgadzam","Ani tak, ani nie","Raczej się zgadzam","Raczej się zgadzam","Raczej się zgadzam","Raczej się zgadzam","Mężczyzna","18–24","Średnie (liceum / technikum)","Miasto 20 000–99 999 mieszkańców","Uczeń / Student","Nie, ulga „PIT 0” (do 26 lat)","Tak"
"2026/01/03 2:07:34 PM GMT+1","Tak","Raczej się nie zgadzam","Zdecydowanie się nie zgadzam","Raczej się nie zgadzam","3","3","3","4","Zdecydowanie się nie zgadzam","Raczej się zgadzam","Raczej się zgadzam","Raczej wolę podwyżki podatków","Zdecydowanie się zgadzam","Raczej się zgadzam","Raczej się nie zgadzam","W małym stopniu","W dużym stopniu","W bardzo dużym stopniu","Raczej się zgadzam","Zdecydowanie się zgadzam","Raczej się zgadzam","Raczej się zgadzam","Ani tak, ani nie","Ani tak, ani nie","Raczej się zgadzam","Raczej się zgadzam","Zdecydowanie się zgadzam","Zdecydowanie się zgadzam","Mężczyzna","18–24","Średnie (liceum / technikum)","Miasto 500 000 i więcej mieszkańców (np. Warszawa)","Uczeń / Student","Nie, ulga „PIT 0” (do 26 lat)","Tak"
"2026/01/03 2:19:54 PM GMT+1","Tak","Zdecydowanie się nie zgadzam","Raczej się zgadzam","Raczej się zgadzam","3","1","2","3","Raczej się zgadzam","Raczej się zgadzam","Raczej się nie zgadzam","Raczej wolę podwyżki podatków","Ani tak, ani nie","Raczej się zgadzam","Raczej się nie zgadzam","W dużym stopniu","W umiarkowanym stopniu","W bardzo dużym stopniu","Raczej się zgadzam","Raczej się zgadzam","Ani tak, ani nie","Raczej się nie zgadzam","Raczej się nie zgadzam","Ani tak, ani nie","Ani tak, ani nie","Zdecydowanie się zgadzam","Zdecydowanie się zgadzam","Ani tak, ani nie","Kobieta","25–34","Wyższe (licencjat / inżynier / magister)","Miasto 500 000 i więcej mieszkańców (np. Warszawa)","Pracujący/a (etat, umowy, własna działalność)","Nie, ulga „PIT 0” (do 26 lat)","Tak"
"2026/01/03 2:24:20 PM GMT+1","Tak","Raczej się zgadzam","Raczej się zgadzam","Zdecydowanie się nie zgadzam","4","3","2","3","Raczej się zgadzam","Raczej się nie zgadzam","Raczej się zgadzam","Raczej wolę dług publiczny","Ani tak, ani nie","Raczej się zgadzam","Zdecydowanie się nie zgadzam","W bardzo dużym stopniu","W umiarkowanym stopniu","W małym stopniu","Raczej się nie zgadzam","Zdecydowanie się zgadzam","Zdecydowanie się nie zgadzam","Zdecydowanie się nie zgadzam","Zdecydowanie się nie zgadzam","Raczej się zgadzam","Zdecydowanie się nie zgadzam","Ani tak, ani nie","Zdecydowanie się nie zgadzam","Ani tak, ani nie","Mężczyzna","18–24","Średnie (liceum / technikum)","Miasto 500 000 i więcej mieszkańców (np. Warszawa)","Uczeń / Student","Tak, regularnie","Tak"
"2026/01/03 2:29:48 PM GMT+1","Tak","Raczej się zgadzam","Zdecydowanie się zgadzam","Ani tak, ani nie","5","5","3","3","Raczej się nie zgadzam","Raczej się zgadzam","Zdecydowanie się nie zgadzam","Zdecydowanie wolę podwyżki podatków","Raczej się zgadzam","Raczej się zgadzam","Raczej się zgadzam","W umiarkowanym stopniu","W umiarkowanym stopniu","W dużym stopniu","Raczej się zgadzam","Zdecydowanie się zgadzam","Zdecydowanie się zgadzam","Zdecydowanie się zgadzam","Zdecydowanie się zgadzam","Zdecydowanie się zgadzam","Ani tak, ani nie","Raczej się zgadzam","Raczej się zgadzam","Zdecydowanie się nie zgadzam","Mężczyzna","25–34","Wyższe (licencjat / inżynier / magister)","Wieś","Pracujący/a (etat, umowy, własna działalność)","Tak, regularnie","Tak"
"2026/01/03 3:30:28 PM GMT+1","Tak","Raczej się zgadzam","Zdecydowanie się nie zgadzam","Raczej się zgadzam","5","2","3","1","Raczej się zgadzam","Raczej się zgadzam","Raczej się nie zgadzam","Raczej wolę podwyżki podatków","Raczej się nie zgadzam","Raczej się zgadzam","Zdecydowanie się nie zgadzam","W dużym stopniu","W umiarkowanym stopniu","W małym stopniu","Ani tak, ani nie","Zdecydowanie się nie zgadzam","Zdecydowanie się nie zgadzam","Ani tak, ani nie","Zdecydowanie się nie zgadzam","Ani tak, ani nie","Ani tak, ani nie","Raczej się zgadzam","Raczej się zgadzam","Raczej się zgadzam","Mężczyzna","18–24","Wyższe (licencjat / inżynier / magister)","Miasto 20 000–99 999 mieszkańców","Uczeń / Student","Nie, ulga „PIT 0” (do 26 lat)","Tak"
"2026/01/03 3:47:31 PM GMT+1","Tak","Zdecydowanie się zgadzam","Zdecydowanie się zgadzam","Zdecydowanie się nie zgadzam","4","1","1","1","Zdecydowanie się nie zgadzam","Raczej się zgadzam","Raczej się zgadzam","Zdecydowanie wolę dług publiczny","Zdecydowanie się nie zgadzam","Raczej się zgadzam","Raczej się nie zgadzam","W bardzo dużym stopniu","W bardzo dużym stopniu","Wcale","Zdecydowanie się nie zgadzam","Zdecydowanie się nie zgadzam","Zdecydowanie się zgadzam","Zdecydowanie się zgadzam","Zdecydowanie się zgadzam","Raczej się zgadzam","Ani tak, ani nie","Raczej się zgadzam","Zdecydowanie się zgadzam","Raczej się zgadzam","Mężczyzna","25–34","Wyższe (licencjat / inżynier / magister)","Miasto 500 000 i więcej mieszkańców (np. Warszawa)","Pracujący/a (etat, umowy, własna działalność)","Tak, regularnie","Tak"
"2026/01/03 3:55:01 PM GMT+1","Tak","Raczej się zgadzam","Zdecydowanie się nie zgadzam","Zdecydowanie się nie zgadzam","1","1","1","2","Ani tak, ani nie","Zdecydowanie się nie zgadzam","Zdecydowanie się nie zgadzam","Zdecydowanie wolę podwyżki podatków","Ani tak, ani nie","Raczej się zgadzam","Ani tak, ani nie","W umiarkowanym stopniu","W małym stopniu","W umiarkowanym stopniu","Zdecydowanie się zgadzam","Ani tak, ani nie","Raczej się nie zgadzam","Zdecydowanie się nie zgadzam","Zdecydowanie się nie zgadzam","Raczej się nie zgadzam","Zdecydowanie się zgadzam","Zdecydowanie się zgadzam","Zdecydowanie się zgadzam","Zdecydowanie się zgadzam","Mężczyzna","18–24","Wyższe (licencjat / inżynier / magister)","Miasto 500 000 i więcej mieszkańców (np. Warszawa)","Uczeń / Student","Nie, ulga „PIT 0” (do 26 lat)","Tak"
"2026/01/03 4:17:12 PM GMT+1","Tak","Raczej się nie zgadzam","Raczej się zgadzam","Zdecydowanie się zgadzam","3","2","2","4","Raczej się zgadzam","Ani tak, ani nie","Ani tak, ani nie","Raczej wolę dług publiczny","Raczej się zgadzam","Raczej się zgadzam","Raczej się zgadzam","W umiarkowanym stopniu","W dużym stopniu","W umiarkowanym stopniu","Raczej się nie zgadzam","Raczej się nie zgadzam","Raczej się nie zgadzam","Raczej się nie zgadzam","Raczej się zgadzam","Raczej się zgadzam","Raczej się zgadzam","Raczej się zgadzam","Zdecydowanie się nie zgadzam","Raczej się nie zgadzam","Kobieta","18–24","Wyższe (licencjat / inżynier / magister)","Wieś","Pracujący/a (etat, umowy, własna działalność)","Tak, czasami / przez część roku","Tak"
"2026/01/03 4:25:10 PM GMT+1","Tak","Raczej się zgadzam","Raczej się nie zgadzam","Raczej się zgadzam","2","4","2","5","Zdecydowanie się nie zgadzam","Zdecydowanie się nie zgadzam","Raczej się nie zgadzam","Raczej wolę podwyżki podatków","Zdecydowanie się nie zgadzam","Raczej się zgadzam","Raczej się zgadzam","W bardzo dużym stopniu","W małym stopniu","W bardzo dużym stopniu","Zdecydowanie się zgadzam","Raczej się zgadzam","Raczej się zgadzam","Zdecydowanie się nie zgadzam","Zdecydowanie się nie zgadzam","Raczej się zgadzam","Raczej się zgadzam","Zdecydowanie się zgadzam","Zdecydowanie się zgadzam","Raczej się zgadzam","Mężczyzna","18–24","Średnie (liceum / technikum)","Miasto 100 000–499 999 mieszkańców","Uczeń / Student","Nie, ulga „PIT 0” (do 26 lat)","Tak"
"2026/01/03 4:51:16 PM GMT+1","Tak","Raczej się zgadzam","Raczej się zgadzam","Ani tak, ani nie","4","3","3","3","Raczej się zgadzam","Ani tak, ani nie","Raczej się nie zgadzam","Raczej wolę podwyżki podatków","Raczej się zgadzam","Raczej się zgadzam","Zdecydowanie się zgadzam","W bardzo dużym stopniu","W bardzo dużym stopniu","W dużym stopniu","Ani tak, ani nie","Raczej się zgadzam","Ani tak, ani nie","Raczej się nie zgadzam","Ani tak, ani nie","Zdecydowanie się zgadzam","Raczej się nie zgadzam","Raczej się zgadzam","Raczej się zgadzam","Ani tak, ani nie","Kobieta","18–24","Średnie (liceum / technikum)","Miasto 500 000 i więcej mieszkańców (np. Warszawa)","Uczeń / Student","Nie, ulga „PIT 0” (do 26 lat)","Tak"
"2026/01/03 11:03:50 PM GMT+1","Tak","Zdecydowanie się zgadzam","Zdecydowanie się zgadzam","Zdecydowanie się zgadzam","5","5","5","5","Zdecydowanie się zgadzam","Zdecydowanie się zgadzam","Zdecydowanie się nie zgadzam","Zdecydowanie wolę podwyżki podatków","Raczej się zgadzam","Raczej się zgadzam","Ani tak, ani nie","W umiarkowanym stopniu","W umiarkowanym stopniu","W dużym stopniu","Ani tak, ani nie","Raczej się zgadzam","Raczej się zgadzam","Ani tak, ani nie","Raczej się nie zgadzam","Ani tak, ani nie","Raczej się nie zgadzam","Ani tak, ani nie","Raczej się zgadzam","Ani tak, ani nie","Mężczyzna","55–64","Wyższe (licencjat / inżynier / magister)","Miasto 500 000 i więcej mieszkańców (np. Warszawa)","Pracujący/a (etat, umowy, własna działalność)","Tak, regularnie","Tak"
"2026/01/03 11:51:26 PM GMT+1","Tak","Raczej się zgadzam","Raczej się zgadzam","Raczej się zgadzam","4","4","3","4","Raczej się zgadzam","Zdecydowanie się nie zgadzam","Raczej się nie zgadzam","Trudno powiedzieć / zależy","Raczej się zgadzam","Raczej się zgadzam","Raczej się nie zgadzam","W dużym stopniu","W umiarkowanym stopniu","W umiarkowanym stopniu","Ani tak, ani nie","Ani tak, ani nie","Raczej się nie zgadzam","Raczej się nie zgadzam","Ani tak, ani nie","Zdecydowanie się nie zgadzam","Raczej się nie zgadzam","Ani tak, ani nie","Raczej się zgadzam","Raczej się zgadzam","Kobieta","45–54","Wyższe (licencjat / inżynier / magister)","Miasto 500 000 i więcej mieszkańców (np. Warszawa)","Pracujący/a (etat, umowy, własna działalność)","Tak, regularnie","Tak"
"2026/01/04 10:55:28 AM GMT+1","Tak","Zdecydowanie się zgadzam","Zdecydowanie się zgadzam","Zdecydowanie się zgadzam","3","2","5","5","Ani tak, ani nie","Raczej się zgadzam","Raczej się zgadzam","Raczej wolę dług publiczny","Raczej się zgadzam","Raczej się zgadzam","Ani tak, ani nie","W umiarkowanym stopniu","W umiarkowanym stopniu","W umiarkowanym stopniu","Raczej się zgadzam","Zdecydowanie się zgadzam","Zdecydowanie się nie zgadzam","Zdecydowanie się zgadzam","Zdecydowanie się nie zgadzam","Zdecydowanie się zgadzam","Ani tak, ani nie","Raczej się zgadzam","Raczej się zgadzam","Ani tak, ani nie","Mężczyzna","45–54","Wyższe (licencjat / inżynier / magister)","Miasto 500 000 i więcej mieszkańców (np. Warszawa)","Pracujący/a (etat, umowy, własna działalność)","Tak, regularnie","Tak"
"2026/01/04 1:12:36 PM GMT+1","Tak","Raczej się zgadzam","Raczej się zgadzam","Ani tak, ani nie","3","2","1","1","Zdecydowanie się zgadzam","Ani tak, ani nie","Ani tak, ani nie","Trudno powiedzieć / zależy","Raczej się nie zgadzam","Zdecydowanie się nie zgadzam","Raczej się nie zgadzam","W dużym stopniu","W dużym stopniu","W dużym stopniu","Raczej się zgadzam","Raczej się zgadzam","Raczej się nie zgadzam","Raczej się nie zgadzam","Raczej się nie zgadzam","Ani tak, ani nie","Zdecydowanie się nie zgadzam","Zdecydowanie się nie zgadzam","Zdecydowanie się nie zgadzam","Zdecydowanie się nie zgadzam","Kobieta","18–24","Wyższe (licencjat / inżynier / magister)","Miasto 20 000–99 999 mieszkańców","Uczeń / Student","Nie, ulga „PIT 0” (do 26 lat)","Tak"
"2026/01/04 1:59:36 PM GMT+1","Tak","Raczej się zgadzam","Zdecydowanie się zgadzam","Raczej się zgadzam","4","4","4","4","Raczej się zgadzam","Ani tak, ani nie","Raczej się nie zgadzam","Trudno powiedzieć / zależy","Zdecydowanie się zgadzam","Raczej się zgadzam","Raczej się zgadzam","W dużym stopniu","W dużym stopniu","W bardzo dużym stopniu","Zdecydowanie się zgadzam","Raczej się zgadzam","Raczej się zgadzam","Raczej się zgadzam","Ani tak, ani nie","Ani tak, ani nie","Raczej się zgadzam","Raczej się zgadzam","Raczej się zgadzam","Raczej się zgadzam","Kobieta","18–24","Wyższe (licencjat / inżynier / magister)","Miasto 500 000 i więcej mieszkańców (np. Warszawa)","Pracujący/a (etat, umowy, własna działalność)","Nie, ulga „PIT 0” (do 26 lat)","Tak"
"2026/01/04 3:36:01 PM GMT+1","Tak","Raczej się zgadzam","Raczej się zgadzam","Ani tak, ani nie","5","3","3","2","Zdecydowanie się zgadzam","Ani tak, ani nie","Raczej się zgadzam","Trudno powiedzieć / zależy","Raczej się zgadzam","Raczej się zgadzam","Ani tak, ani nie","W dużym stopniu","W małym stopniu","W małym stopniu","Raczej się zgadzam","Raczej się zgadzam","Ani tak, ani nie","Ani tak, ani nie","Zdecydowanie się zgadzam","Raczej się zgadzam","Raczej się zgadzam","Raczej się zgadzam","Raczej się zgadzam","Raczej się zgadzam","Kobieta","18–24","Średnie (liceum / technikum)","Miasto 100 000–499 999 mieszkańców","Uczeń / Student","Nie, ulga „PIT 0” (do 26 lat)","Tak"
"2026/01/04 7:34:20 PM GMT+1","Tak","Zdecydowanie się zgadzam","Raczej się zgadzam","Ani tak, ani nie","5","1","3","3","Zdecydowanie się zgadzam","Raczej się zgadzam","Raczej się nie zgadzam","Raczej wolę podwyżki podatków","Raczej się zgadzam","Raczej się zgadzam","Raczej się zgadzam","W dużym stopniu","W dużym stopniu","W dużym stopniu","Raczej się zgadzam","Zdecydowanie się zgadzam","Zdecydowanie się nie zgadzam","Zdecydowanie się nie zgadzam","Raczej się nie zgadzam","Raczej się zgadzam","Raczej się zgadzam","Raczej się zgadzam","Zdecydowanie się nie zgadzam","Zdecydowanie się nie zgadzam","Mężczyzna","18–24","Średnie (liceum / technikum)","Miasto 500 000 i więcej mieszkańców (np. Warszawa)","Uczeń / Student","Nie dotyczy (brak takich dochodów)","Tak"
"2026/01/04 7:35:36 PM GMT+1","Tak","Zdecydowanie się zgadzam","Raczej się zgadzam","Raczej się zgadzam","2","4","1","3","Zdecydowanie się zgadzam","Raczej się zgadzam","Zdecydowanie się zgadzam","Trudno powiedzieć / zależy","Raczej się nie zgadzam","Raczej się zgadzam","Raczej się zgadzam","W dużym stopniu","W dużym stopniu","W umiarkowanym stopniu","Zdecydowanie się nie zgadzam","Ani tak, ani nie","Raczej się nie zgadzam","Raczej się zgadzam","Ani tak, ani nie","Raczej się zgadzam","Ani tak, ani nie","Raczej się zgadzam","Raczej się zgadzam","Raczej się zgadzam","Mężczyzna","18–24","Średnie (liceum / technikum)","Miasto 500 000 i więcej mieszkańców (np. Warszawa)","Uczeń / Student","Nie dotyczy (brak takich dochodów)","Tak"
"2026/01/04 9:07:46 PM GMT+1","Tak","Ani tak, ani nie","Raczej się zgadzam","Raczej się nie zgadzam","4","3","2","4","Raczej się zgadzam","Ani tak, ani nie","Raczej się nie zgadzam","Raczej wolę podwyżki podatków","Raczej się nie zgadzam","Raczej się zgadzam","Raczej się zgadzam","W małym stopniu","W dużym stopniu","W bardzo dużym stopniu","Raczej się nie zgadzam","Zdecydowanie się zgadzam","Zdecydowanie się nie zgadzam","Zdecydowanie się nie zgadzam","Raczej się nie zgadzam","Zdecydowanie się zgadzam","Ani tak, ani nie","Raczej się nie zgadzam","Ani tak, ani nie","Raczej się zgadzam","Kobieta","18–24","Średnie (liceum / technikum)","Miasto 500 000 i więcej mieszkańców (np. Warszawa)","Uczeń / Student","Nie, ulga „PIT 0” (do 26 lat)","Tak"
"2026/01/05 7:08:08 PM GMT+1","Tak","Zdecydowanie się zgadzam","Raczej się nie zgadzam","Zdecydowanie się zgadzam","3","2","1","3","Raczej się zgadzam","Raczej się zgadzam","Raczej się zgadzam","Raczej wolę dług publiczny","Ani tak, ani nie","Raczej się zgadzam","Raczej się nie zgadzam","W dużym stopniu","W małym stopniu","W umiarkowanym stopniu","Ani tak, ani nie","Raczej się zgadzam","Raczej się nie zgadzam","Raczej się nie zgadzam","Zdecydowanie się nie zgadzam","Raczej się zgadzam","Raczej się zgadzam","Raczej się zgadzam","Zdecydowanie się zgadzam","Zdecydowanie się zgadzam","Mężczyzna","18–24","Wyższe (licencjat / inżynier / magister)","Miasto 500 000 i więcej mieszkańców (np. Warszawa)","Pracujący/a (etat, umowy, własna działalność)","Nie, ulga „PIT 0” (do 26 lat)","Tak"
"2026/01/06 12:02:09 AM GMT+1","Tak","Raczej się zgadzam","Ani tak, ani nie","Raczej się zgadzam","3","4","3","3","Ani tak, ani nie","Raczej się zgadzam","Ani tak, ani nie","Trudno powiedzieć / zależy","Ani tak, ani nie","Raczej się zgadzam","Raczej się zgadzam","W dużym stopniu","W umiarkowanym stopniu","W dużym stopniu","Raczej się zgadzam","Ani tak, ani nie","Ani tak, ani nie","Zdecydowanie się zgadzam","Zdecydowanie się zgadzam","Zdecydowanie się zgadzam","Ani tak, ani nie","Raczej się zgadzam","Zdecydowanie się zgadzam","Raczej się nie zgadzam","Mężczyzna","25–34","Wyższe (licencjat / inżynier / magister)","Miasto 500 000 i więcej mieszkańców (np. Warszawa)","Pracujący/a (etat, umowy, własna działalność)","Tak, regularnie","Tak"
"2026/01/06 12:34:59 AM GMT+1","Tak","Raczej się zgadzam","Zdecydowanie się nie zgadzam","Raczej się zgadzam","5","2","1","4","Zdecydowanie się zgadzam","Raczej się zgadzam","Zdecydowanie się nie zgadzam","Zdecydowanie wolę podwyżki podatków","Raczej się nie zgadzam","Raczej się nie zgadzam","Raczej się zgadzam","W dużym stopniu","W małym stopniu","W dużym stopniu","Zdecydowanie się zgadzam","Zdecydowanie się zgadzam","Zdecydowanie się nie zgadzam","Raczej się nie zgadzam","Raczej się zgadzam","Raczej się nie zgadzam","Zdecydowanie się zgadzam","Zdecydowanie się zgadzam","Raczej się zgadzam","Zdecydowanie się zgadzam","Mężczyzna","18–24","Średnie (liceum / technikum)","Miasto 500 000 i więcej mieszkańców (np. Warszawa)","Uczeń / Student","Nie, ulga „PIT 0” (do 26 lat)","Tak"
"2026/01/06 12:35:46 AM GMT+1","Nie","","","","","","","","","","","","","","","","","","","","","","","","","","","","","","","","","",""
"2026/01/06 11:57:53 AM GMT+1","Tak","Zdecydowanie się zgadzam","Raczej się zgadzam","Raczej się zgadzam","4","5","5","4","Zdecydowanie się nie zgadzam","Raczej się nie zgadzam","Raczej się nie zgadzam","Raczej wolę podwyżki podatków","Raczej się zgadzam","Raczej się zgadzam","Raczej się zgadzam","W dużym stopniu","W umiarkowanym stopniu","W dużym stopniu","Raczej się zgadzam","Raczej się zgadzam","Raczej się nie zgadzam","Raczej się zgadzam","Raczej się nie zgadzam","Raczej się nie zgadzam","Ani tak, ani nie","Raczej się zgadzam","Zdecydowanie się zgadzam","Raczej się zgadzam","Kobieta","65+","Wyższe (licencjat / inżynier / magister)","Miasto 500 000 i więcej mieszkańców (np. Warszawa)","Emeryt / Rencista","Tak, czasami / przez część roku","Tak"
"2026/01/07 12:55:25 PM GMT+1","Tak","Zdecydowanie się zgadzam","Zdecydowanie się zgadzam","Zdecydowanie się zgadzam","1","5","3","3","Zdecydowanie się zgadzam","Zdecydowanie się nie zgadzam","Raczej się zgadzam","Raczej wolę dług publiczny","Ani tak, ani nie","Raczej się zgadzam","Zdecydowanie się zgadzam","W umiarkowanym stopniu","W bardzo dużym stopniu","W małym stopniu","Zdecydowanie się nie zgadzam","Zdecydowanie się nie zgadzam","Zdecydowanie się nie zgadzam","Zdecydowanie się nie zgadzam","Zdecydowanie się nie zgadzam","Zdecydowanie się zgadzam","Raczej się nie zgadzam","Raczej się nie zgadzam","Zdecydowanie się zgadzam","Zdecydowanie się zgadzam","Mężczyzna","45–54","Wyższe (licencjat / inżynier / magister)","Miasto 500 000 i więcej mieszkańców (np. Warszawa)","Pracujący/a (etat, umowy, własna działalność)","Tak, regularnie","Tak"
"2026/01/07 7:56:23 PM GMT+1","Tak","Ani tak, ani nie","Raczej się zgadzam","Raczej się zgadzam","3","3","2","4","Zdecydowanie się zgadzam","Raczej się nie zgadzam","Raczej się nie zgadzam","Zdecydowanie wolę dług publiczny","Raczej się zgadzam","Raczej się zgadzam","Zdecydowanie się zgadzam","W umiarkowanym stopniu","W dużym stopniu","W umiarkowanym stopniu","Ani tak, ani nie","Raczej się zgadzam","Raczej się zgadzam","Raczej się nie zgadzam","Raczej się nie zgadzam","Zdecydowanie się zgadzam","Raczej się nie zgadzam","Raczej się nie zgadzam","Raczej się zgadzam","Ani tak, ani nie","Kobieta","18–24","Średnie (liceum / technikum)","Miasto 500 000 i więcej mieszkańców (np. Warszawa)","Uczeń / Student","Nie dotyczy (brak takich dochodów)","Tak"
"2026/01/08 5:28:07 PM GMT+1","Tak","Zdecydowanie się zgadzam","Raczej się zgadzam","Raczej się zgadzam","3","2","2","3","Zdecydowanie się zgadzam","Raczej się nie zgadzam","Raczej się nie zgadzam","Raczej wolę podwyżki podatków","Raczej się zgadzam","Raczej się zgadzam","Raczej się nie zgadzam","W dużym stopniu","W dużym stopniu","W umiarkowanym stopniu","Raczej się zgadzam","Raczej się zgadzam","Raczej się zgadzam","Raczej się nie zgadzam","Ani tak, ani nie","Raczej się nie zgadzam","Raczej się zgadzam","Raczej się zgadzam","Raczej się zgadzam","Raczej się zgadzam","Kobieta","18–24","Wyższe (licencjat / inżynier / magister)","Wieś","Pracujący/a (etat, umowy, własna działalność)","Nie, ulga „PIT 0” (do 26 lat)","Tak"
"2026/01/09 10:58:20 AM GMT+1","Tak","Raczej się zgadzam","Raczej się zgadzam","Zdecydowanie się nie zgadzam","3","2","1","4","Zdecydowanie się zgadzam","Raczej się zgadzam","Zdecydowanie się nie zgadzam","Raczej wolę podwyżki podatków","Zdecydowanie się zgadzam","Raczej się zgadzam","Raczej się zgadzam","W dużym stopniu","W dużym stopniu","W umiarkowanym stopniu","Raczej się nie zgadzam","Raczej się zgadzam","Ani tak, ani nie","Raczej się nie zgadzam","Raczej się nie zgadzam","Ani tak, ani nie","Ani tak, ani nie","Ani tak, ani nie","Raczej się zgadzam","Raczej się nie zgadzam","Inna","18–24","Średnie (liceum / technikum)","Miasto 500 000 i więcej mieszkańców (np. Warszawa)","Pracujący/a (etat, umowy, własna działalność)","Nie, ulga „PIT 0” (do 26 lat)","Tak"
"2026/01/09 7:46:56 PM GMT+1","Tak","Raczej się zgadzam","Raczej się zgadzam","Zdecydowanie się zgadzam","4","2","3","2","Zdecydowanie się zgadzam","Raczej się nie zgadzam","Raczej się nie zgadzam","Trudno powiedzieć / zależy","Raczej się zgadzam","Raczej się zgadzam","Raczej się zgadzam","W umiarkowanym stopniu","W umiarkowanym stopniu","W małym stopniu","Raczej się zgadzam","Ani tak, ani nie","Zdecydowanie się nie zgadzam","Raczej się nie zgadzam","Raczej się nie zgadzam","Zdecydowanie się zgadzam","Raczej się nie zgadzam","Raczej się nie zgadzam","Raczej się nie zgadzam","Zdecydowanie się nie zgadzam","Kobieta","18–24","Wyższe (licencjat / inżynier / magister)","Miasto 500 000 i więcej mieszkańców (np. Warszawa)","Pracujący/a (etat, umowy, własna działalność)","Nie, ulga „PIT 0” (do 26 lat)","Tak"
"2026/01/09 8:24:26 PM GMT+1","Tak","Zdecydowanie się zgadzam","Raczej się zgadzam","Ani tak, ani nie","5","2","3","2","Zdecydowanie się zgadzam","Raczej się zgadzam","Zdecydowanie się zgadzam","Raczej wolę dług publiczny","Ani tak, ani nie","Raczej się zgadzam","Raczej się zgadzam","W dużym stopniu","W dużym stopniu","W umiarkowanym stopniu","Ani tak, ani nie","Raczej się nie zgadzam","Ani tak, ani nie","Ani tak, ani nie","Ani tak, ani nie","Zdecydowanie się zgadzam","Raczej się nie zgadzam","Raczej się nie zgadzam","Raczej się nie zgadzam","Ani tak, ani nie","Kobieta","25–34","Wyższe (licencjat / inżynier / magister)","Miasto 500 000 i więcej mieszkańców (np. Warszawa)","Bezrobotny/a","Nie dotyczy (brak takich dochodów)","Tak"
"2026/01/09 11:33:51 PM GMT+1","Tak","Raczej się zgadzam","Ani tak, ani nie","Ani tak, ani nie","4","4","2","2","Raczej się zgadzam","Ani tak, ani nie","Raczej się zgadzam","Raczej wolę dług publiczny","Raczej się nie zgadzam","Raczej się zgadzam","Ani tak, ani nie","W dużym stopniu","W małym stopniu","Wcale","Raczej się nie zgadzam","Zdecydowanie się nie zgadzam","Raczej się nie zgadzam","Raczej się zgadzam","Raczej się zgadzam","Zdecydowanie się zgadzam","Raczej się zgadzam","Raczej się nie zgadzam","Zdecydowanie się nie zgadzam","Raczej się zgadzam","Mężczyzna","35–44","Wyższe (licencjat / inżynier / magister)","Miasto 100 000–499 999 mieszkańców","Pracujący/a (etat, umowy, własna działalność)","Tak, regularnie","Tak"
"2026/01/10 3:32:55 PM GMT+1","Tak","Zdecydowanie się zgadzam","Raczej się zgadzam","Raczej się zgadzam","3","3","1","2","Zdecydowanie się zgadzam","Raczej się zgadzam","Raczej się nie zgadzam","Raczej wolę podwyżki podatków","Raczej się nie zgadzam","Raczej się zgadzam","Zdecydowanie się zgadzam","W dużym stopniu","W bardzo dużym stopniu","W umiarkowanym stopniu","Zdecydowanie się nie zgadzam","Raczej się nie zgadzam","Raczej się nie zgadzam","Zdecydowanie się nie zgadzam","Ani tak, ani nie","Ani tak, ani nie","Raczej się zgadzam","Raczej się zgadzam","Raczej się zgadzam","Raczej się zgadzam","Mężczyzna","18–24","Wyższe (licencjat / inżynier / magister)","Miasto 20 000–99 999 mieszkańców","Uczeń / Student","Nie, ulga „PIT 0” (do 26 lat)","Tak"
"2026/01/10 7:44:05 PM GMT+1","Tak","Raczej się zgadzam","Zdecydowanie się zgadzam","Zdecydowanie się zgadzam","5","3","3","3","Zdecydowanie się zgadzam","Raczej się nie zgadzam","Raczej się zgadzam","Raczej wolę dług publiczny","Ani tak, ani nie","Raczej się zgadzam","Zdecydowanie się zgadzam","W dużym stopniu","W umiarkowanym stopniu","W bardzo dużym stopniu","Zdecydowanie się zgadzam","Zdecydowanie się zgadzam","Raczej się zgadzam","Raczej się zgadzam","Raczej się zgadzam","Ani tak, ani nie","Raczej się zgadzam","Raczej się zgadzam","Raczej się zgadzam","Raczej się zgadzam","Kobieta","18–24","Wyższe (licencjat / inżynier / magister)","Miasto 500 000 i więcej mieszkańców (np. Warszawa)","Pracujący/a (etat, umowy, własna działalność)","Nie, ulga „PIT 0” (do 26 lat)","Tak"
"2026/01/11 12:32:06 PM GMT+1","Tak","Raczej się zgadzam","Raczej się zgadzam","Raczej się zgadzam","2","3","3","3","Raczej się zgadzam","Raczej się nie zgadzam","Raczej się nie zgadzam","Trudno powiedzieć / zależy","Raczej się zgadzam","Raczej się nie zgadzam","Zdecydowanie się zgadzam","W dużym stopniu","W dużym stopniu","W dużym stopniu","Raczej się zgadzam","Ani tak, ani nie","Raczej się nie zgadzam","Raczej się nie zgadzam","Raczej się nie zgadzam","Ani tak, ani nie","Ani tak, ani nie","Ani tak, ani nie","Raczej się zgadzam","Raczej się zgadzam","Kobieta","45–54","Wyższe (licencjat / inżynier / magister)","Miasto 500 000 i więcej mieszkańców (np. Warszawa)","Pracujący/a (etat, umowy, własna działalność)","Tak, regularnie","Tak"
"2026/01/11 12:40:30 PM GMT+1","Tak","Raczej się zgadzam","Raczej się zgadzam","Raczej się zgadzam","1","5","2","1","Zdecydowanie się nie zgadzam","Raczej się zgadzam","Raczej się zgadzam","Trudno powiedzieć / zależy","Ani tak, ani nie","Raczej się zgadzam","Zdecydowanie się zgadzam","W dużym stopniu","W dużym stopniu","W umiarkowanym stopniu","Ani tak, ani nie","Raczej się nie zgadzam","Raczej się zgadzam","Ani tak, ani nie","Ani tak, ani nie","Zdecydowanie się nie zgadzam","Raczej się nie zgadzam","Raczej się nie zgadzam","Ani tak, ani nie","Ani tak, ani nie","Mężczyzna","45–54","Podstawowe (lub niższe) / gimnazjalne","Miasto 500 000 i więcej mieszkańców (np. Warszawa)","Pracujący/a (etat, umowy, własna działalność)","Nie, niskie dochody (kwota wolna / brak zaliczek)","Tak"
"2026/01/11 12:41:00 PM GMT+1","Tak","Raczej się nie zgadzam","Raczej się zgadzam","Ani tak, ani nie","3","4","4","4","Zdecydowanie się zgadzam","Raczej się nie zgadzam","Ani tak, ani nie","Trudno powiedzieć / zależy","Ani tak, ani nie","Raczej się zgadzam","Raczej się nie zgadzam","W umiarkowanym stopniu","W małym stopniu","W umiarkowanym stopniu","Ani tak, ani nie","Raczej się zgadzam","Raczej się zgadzam","Raczej się zgadzam","Raczej się zgadzam","Raczej się zgadzam","Ani tak, ani nie","Raczej się nie zgadzam","Ani tak, ani nie","Raczej się nie zgadzam","Kobieta","25–34","Wyższe (licencjat / inżynier / magister)","Miasto 500 000 i więcej mieszkańców (np. Warszawa)","Pracujący/a (etat, umowy, własna działalność)","Tak, regularnie","Tak"
"2026/01/11 1:53:18 PM GMT+1","Tak","Raczej się zgadzam","Raczej się zgadzam","Zdecydowanie się zgadzam","5","4","2","3","Raczej się zgadzam","Raczej się zgadzam","Zdecydowanie się zgadzam","Raczej wolę dług publiczny","Ani tak, ani nie","Raczej się zgadzam","Raczej się nie zgadzam","W dużym stopniu","W umiarkowanym stopniu","W umiarkowanym stopniu","Zdecydowanie się zgadzam","Zdecydowanie się zgadzam","Raczej się zgadzam","Raczej się nie zgadzam","Raczej się zgadzam","Raczej się zgadzam","Raczej się nie zgadzam","Raczej się zgadzam","Raczej się zgadzam","Zdecydowanie się zgadzam","Kobieta","18–24","Wyższe (licencjat / inżynier / magister)","Miasto 500 000 i więcej mieszkańców (np. Warszawa)","Pracujący/a (etat, umowy, własna działalność)","Nie, ulga „PIT 0” (do 26 lat)","Tak"
"2026/01/11 10:47:08 PM GMT+1","Tak","Raczej się zgadzam","Raczej się zgadzam","Ani tak, ani nie","4","3","2","3","Zdecydowanie się zgadzam","Raczej się zgadzam","Raczej się nie zgadzam","Raczej wolę podwyżki podatków","Raczej się zgadzam","Raczej się zgadzam","Raczej się nie zgadzam","W umiarkowanym stopniu","W dużym stopniu","W umiarkowanym stopniu","Ani tak, ani nie","Ani tak, ani nie","Ani tak, ani nie","Raczej się zgadzam","Raczej się nie zgadzam","Raczej się nie zgadzam","Raczej się zgadzam","Raczej się zgadzam","Raczej się zgadzam","Raczej się zgadzam","Mężczyzna","18–24","Średnie (liceum / technikum)","Wieś","Uczeń / Student","Nie, niskie dochody (kwota wolna / brak zaliczek)","Tak"
"2026/01/11 10:51:46 PM GMT+1","Tak","Raczej się zgadzam","Ani tak, ani nie","Raczej się nie zgadzam","4","2","2","2","Raczej się zgadzam","Ani tak, ani nie","Ani tak, ani nie","Raczej wolę podwyżki podatków","Zdecydowanie się zgadzam","Raczej się zgadzam","Raczej się zgadzam","W dużym stopniu","W dużym stopniu","W małym stopniu","Ani tak, ani nie","Raczej się nie zgadzam","Raczej się nie zgadzam","Raczej się nie zgadzam","Ani tak, ani nie","Raczej się zgadzam","Ani tak, ani nie","Raczej się nie zgadzam","Ani tak, ani nie","Ani tak, ani nie","Mężczyzna","18–24","Średnie (liceum / technikum)","Wieś","Uczeń / Student","Nie, ulga „PIT 0” (do 26 lat)","Tak"
"2026/01/11 11:31:34 PM GMT+1","Tak","Raczej się zgadzam","Raczej się nie zgadzam","Raczej się nie zgadzam","2","5","2","1","Zdecydowanie się zgadzam","Raczej się nie zgadzam","Zdecydowanie się nie zgadzam","Zdecydowanie wolę dług publiczny","Raczej się zgadzam","Raczej się zgadzam","Raczej się zgadzam","W bardzo dużym stopniu","W umiarkowanym stopniu","W małym stopniu","Raczej się zgadzam","Raczej się zgadzam","Raczej się nie zgadzam","Raczej się nie zgadzam","Raczej się nie zgadzam","Zdecydowanie się zgadzam","Raczej się nie zgadzam","Raczej się nie zgadzam","Raczej się zgadzam","Raczej się nie zgadzam","Kobieta","45–54","Wyższe (licencjat / inżynier / magister)","Miasto 500 000 i więcej mieszkańców (np. Warszawa)","Pracujący/a (etat, umowy, własna działalność)","Wolę nie odpowiadać","Tak"
"2026/01/12 12:13:37 AM GMT+1","Tak","Raczej się zgadzam","Raczej się zgadzam","Raczej się nie zgadzam","2","1","1","1","Zdecydowanie się zgadzam","Ani tak, ani nie","Ani tak, ani nie","Trudno powiedzieć / zależy","Raczej się nie zgadzam","Raczej się zgadzam","Ani tak, ani nie","W dużym stopniu","W bardzo dużym stopniu","W małym stopniu","Ani tak, ani nie","Zdecydowanie się nie zgadzam","Ani tak, ani nie","Ani tak, ani nie","Ani tak, ani nie","Raczej się nie zgadzam","Ani tak, ani nie","Raczej się zgadzam","Raczej się zgadzam","Raczej się zgadzam","Kobieta","18–24","Wyższe (licencjat / inżynier / magister)","Miasto 500 000 i więcej mieszkańców (np. Warszawa)","Bezrobotny/a","Nie dotyczy (brak takich dochodów)","Tak"
"2026/01/12 7:57:25 PM GMT+1","Tak","Zdecydowanie się zgadzam","Zdecydowanie się zgadzam","Raczej się zgadzam","4","2","2","1","Ani tak, ani nie","Raczej się nie zgadzam","Zdecydowanie się zgadzam","Zdecydowanie wolę dług publiczny","Zdecydowanie się nie zgadzam","Raczej się zgadzam","Raczej się zgadzam","W dużym stopniu","W dużym stopniu","Wcale","Zdecydowanie się nie zgadzam","Zdecydowanie się nie zgadzam","Zdecydowanie się zgadzam","Zdecydowanie się zgadzam","Zdecydowanie się zgadzam","Ani tak, ani nie","Ani tak, ani nie","Ani tak, ani nie","Zdecydowanie się zgadzam","Ani tak, ani nie","Mężczyzna","18–24","Średnie (liceum / technikum)","Miasto 500 000 i więcej mieszkańców (np. Warszawa)","Uczeń / Student","Tak, czasami / przez część roku","Tak"
"2026/01/12 7:59:15 PM GMT+1","Tak","Zdecydowanie się zgadzam","Raczej się zgadzam","Ani tak, ani nie","4","2","2","3","Zdecydowanie się zgadzam","Raczej się zgadzam","Raczej się nie zgadzam","Trudno powiedzieć / zależy","Raczej się nie zgadzam","Raczej się zgadzam","Raczej się zgadzam","W dużym stopniu","W dużym stopniu","W małym stopniu","Raczej się nie zgadzam","Ani tak, ani nie","Raczej się zgadzam","Raczej się zgadzam","Ani tak, ani nie","Zdecydowanie się nie zgadzam","Raczej się nie zgadzam","Raczej się nie zgadzam","Raczej się zgadzam","Raczej się zgadzam","Kobieta","18–24","Średnie (liceum / technikum)","Miasto 500 000 i więcej mieszkańców (np. Warszawa)","Uczeń / Student","Nie, ulga „PIT 0” (do 26 lat)","Tak"
"2026/01/12 8:00:07 PM GMT+1","Tak","Zdecydowanie się zgadzam","Zdecydowanie się zgadzam","Zdecydowanie się zgadzam","5","1","5","1","Zdecydowanie się zgadzam","Raczej się zgadzam","Raczej się zgadzam","Raczej wolę dług publiczny","Zdecydowanie się nie zgadzam","Raczej się zgadzam","Zdecydowanie się nie zgadzam","W dużym stopniu","W dużym stopniu","W małym stopniu","Raczej się zgadzam","Raczej się nie zgadzam","Zdecydowanie się nie zgadzam","Zdecydowanie się nie zgadzam","Zdecydowanie się nie zgadzam","Ani tak, ani nie","Ani tak, ani nie","Raczej się zgadzam","Zdecydowanie się zgadzam","Zdecydowanie się zgadzam","Mężczyzna","18–24","Wyższe (licencjat / inżynier / magister)","Miasto 500 000 i więcej mieszkańców (np. Warszawa)","Uczeń / Student","Nie, ulga „PIT 0” (do 26 lat)","Tak"
"2026/01/12 8:02:07 PM GMT+1","Tak","Raczej się nie zgadzam","Zdecydowanie się zgadzam","Ani tak, ani nie","5","5","1","1","Zdecydowanie się zgadzam","Ani tak, ani nie","Raczej się nie zgadzam","Zdecydowanie wolę podwyżki podatków","Raczej się nie zgadzam","Raczej się zgadzam","Raczej się nie zgadzam","W bardzo dużym stopniu","W bardzo dużym stopniu","W umiarkowanym stopniu","Raczej się zgadzam","Raczej się nie zgadzam","Zdecydowanie się zgadzam","Zdecydowanie się zgadzam","Raczej się nie zgadzam","Zdecydowanie się zgadzam","Ani tak, ani nie","Zdecydowanie się nie zgadzam","Raczej się zgadzam","Ani tak, ani nie","Mężczyzna","18–24","Średnie (liceum / technikum)","Miasto 500 000 i więcej mieszkańców (np. Warszawa)","Uczeń / Student","Nie dotyczy (brak takich dochodów)","Tak"
"2026/01/12 8:45:30 PM GMT+1","Tak","Zdecydowanie się zgadzam","Raczej się zgadzam","Raczej się zgadzam","4","3","2","2","Zdecydowanie się zgadzam","Raczej się zgadzam","Raczej się zgadzam","Trudno powiedzieć / zależy","Raczej się zgadzam","Raczej się zgadzam","Ani tak, ani nie","W bardzo dużym stopniu","W dużym stopniu","W dużym stopniu","Raczej się zgadzam","Raczej się zgadzam","Raczej się nie zgadzam","Raczej się nie zgadzam","Raczej się nie zgadzam","Ani tak, ani nie","Raczej się nie zgadzam","Raczej się zgadzam","Ani tak, ani nie","Raczej się zgadzam","Mężczyzna","18–24","Średnie (liceum / technikum)","Miasto 500 000 i więcej mieszkańców (np. Warszawa)","Uczeń / Student","Nie, ulga „PIT 0” (do 26 lat)","Tak"
"2026/01/12 8:59:23 PM GMT+1","Tak","Raczej się nie zgadzam","Ani tak, ani nie","Raczej się nie zgadzam","4","3","2","5","Ani tak, ani nie","Raczej się nie zgadzam","Ani tak, ani nie","Trudno powiedzieć / zależy","Raczej się nie zgadzam","Raczej się zgadzam","Zdecydowanie się nie zgadzam","W umiarkowanym stopniu","W umiarkowanym stopniu","W dużym stopniu","Raczej się zgadzam","Raczej się zgadzam","Raczej się zgadzam","Raczej się zgadzam","Raczej się zgadzam","Raczej się zgadzam","Raczej się zgadzam","Raczej się zgadzam","Raczej się zgadzam","Raczej się zgadzam","Kobieta","25–34","Wyższe (licencjat / inżynier / magister)","Miasto 500 000 i więcej mieszkańców (np. Warszawa)","Uczeń / Student","Nie, ulga „PIT 0” (do 26 lat)","Tak"
"2026/01/12 9:02:31 PM GMT+1","Tak","Raczej się zgadzam","Raczej się zgadzam","Raczej się zgadzam","1","1","5","1","Raczej się zgadzam","Raczej się zgadzam","Ani tak, ani nie","Raczej wolę dług publiczny","Ani tak, ani nie","Raczej się zgadzam","Raczej się zgadzam","W umiarkowanym stopniu","W umiarkowanym stopniu","W umiarkowanym stopniu","Raczej się zgadzam","Raczej się nie zgadzam","Zdecydowanie się nie zgadzam","Zdecydowanie się zgadzam","Zdecydowanie się nie zgadzam","Zdecydowanie się nie zgadzam","Zdecydowanie się zgadzam","Zdecydowanie się nie zgadzam","Zdecydowanie się zgadzam","Zdecydowanie się zgadzam","Mężczyzna","18–24","Średnie (liceum / technikum)","Wieś","Uczeń / Student","Nie, ulga „PIT 0” (do 26 lat)","Tak"
"2026/01/12 9:04:58 PM GMT+1","Tak","Zdecydowanie się nie zgadzam","Zdecydowanie się zgadzam","Zdecydowanie się nie zgadzam","4","3","3","4","Zdecydowanie się nie zgadzam","Raczej się nie zgadzam","Ani tak, ani nie","Raczej wolę dług publiczny","Raczej się zgadzam","Raczej się zgadzam","Raczej się nie zgadzam","W dużym stopniu","W dużym stopniu","W małym stopniu","Zdecydowanie się nie zgadzam","Ani tak, ani nie","Raczej się nie zgadzam","Ani tak, ani nie","Raczej się zgadzam","Raczej się nie zgadzam","Raczej się zgadzam","Raczej się nie zgadzam","Ani tak, ani nie","Ani tak, ani nie","Kobieta","18–24","Średnie (liceum / technikum)","Miasto 100 000–499 999 mieszkańców","Uczeń / Student","Nie, ulga „PIT 0” (do 26 lat)","Tak"